Long;Lat;Commune;group;order
3.455518181818182;5.485527272727273;ABOBO;1;1
3.493309090909091;5.493309090909091;ABOBO;1;2
3.5029454545454546;5.493681818181818;ABOBO;1;3
3.5085;5.493681818181818;ABOBO;1;4
3.5092454545454546;5.494418181818181;ABOBO;1;5
3.517390909090909;5.494054545454546;ABOBO;1;6
3.5211;5.492572727272727;ABOBO;1;7
3.5248;5.491827272727273;ABOBO;1;8
3.535918181818182;5.505163636363636;ABOBO;1;9
3.538136363636364;5.5044272727272725;ABOBO;1;10
3.5411;5.505163636363636;ABOBO;1;11
3.546290909090909;5.501463636363637;ABOBO;1;12
3.548881818181818;5.499981818181818;ABOBO;1;13
3.555181818181818;5.499981818181818;ABOBO;1;14
3.558890909090909;5.501463636363637;ABOBO;1;15
3.5618545454545454;5.5048;ABOBO;1;16
3.5648181818181817;5.5040545454545455;ABOBO;1;17
3.5670363636363636;5.499609090909091;ABOBO;1;18
3.5711181818181816;5.497754545454545;ABOBO;1;19
3.5755636363636363;5.4992363636363635;ABOBO;1;20
3.5796363636363635;5.4992363636363635;ABOBO;1;21
3.5818545454545454;5.497381818181818;ABOBO;1;22
3.5848272727272725;5.4959;ABOBO;1;23
3.5844545454545456;5.493309090909091;ABOBO;1;24
3.582227272727273;5.490718181818182;ABOBO;1;25
3.5740818181818184;5.478490909090909;ABOBO;1;26
3.5666727272727274;5.463672727272727;ABOBO;1;27
3.561481818181818;5.4555181818181815;ABOBO;1;28
3.5581454545454547;5.451818181818182;ABOBO;1;29
3.5555545454545454;5.446627272727273;ABOBO;1;30
3.547772727272727;5.436990909090909;ABOBO;1;31
3.5437;5.430327272727273;ABOBO;1;32
3.541472727272727;5.426618181818182;ABOBO;1;33
3.5396181818181818;5.422172727272727;ABOBO;1;34
3.5374;5.421063636363637;ABOBO;1;35
3.5325818181818183;5.421809090909091;ABOBO;1;36
3.5318454545454547;5.418472727272727;ABOBO;1;37
3.530727272727273;5.411063636363636;ABOBO;1;38
3.5155363636363637;5.426990909090909;ABOBO;1;39
3.5155363636363637;5.437736363636364;ABOBO;1;40
3.5155363636363637;5.439590909090909;ABOBO;1;41
3.5129454545454544;5.439218181818182;ABOBO;1;42
3.5125727272727274;5.442181818181818;ABOBO;1;43
3.509981818181818;5.442181818181818;ABOBO;1;44
3.5073909090909092;5.4414454545454545;ABOBO;1;45
3.505909090909091;5.441809090909091;ABOBO;1;46
3.5048;5.439590909090909;ABOBO;1;47
3.4981272727272725;5.439218181818182;ABOBO;1;48
3.4925727272727274;5.4414454545454545;ABOBO;1;49
3.4903454545454546;5.447372727272727;ABOBO;1;50
3.4877545454545453;5.448109090909091;ABOBO;1;51
3.484790909090909;5.4507;ABOBO;1;52
3.4825636363636363;5.4507;ABOBO;1;53
3.4810818181818184;5.449590909090909;ABOBO;1;54
3.4796;5.449963636363637;ABOBO;1;55
3.4777454545454547;5.451072727272727;ABOBO;1;56
3.4762636363636363;5.451072727272727;ABOBO;1;57
3.4770090909090907;5.451818181818182;ABOBO;1;58
3.474781818181818;5.452554545454546;ABOBO;1;59
3.4696;5.4555181818181815;ABOBO;1;60
3.467372727272727;5.456627272727273;ABOBO;1;61
3.441809090909091;5.456627272727273;ABOBO;1;62
3.4414454545454545;5.471081818181818;ABOBO;1;63
3.455518181818182;5.485527272727273;ABOBO;1;64
3.5848272727272725;5.4959;COCODY;2;65
3.5844545454545456;5.493309090909091;COCODY;2;66
3.5803454545454545;5.487890909090909;COCODY;2;67
3.573190909090909;5.4767090909090905;COCODY;2;68
3.565981818181818;5.462590909090909;COCODY;2;69
3.558936363636364;5.452690909090909;COCODY;2;70
3.5533;5.443845454545454;COCODY;2;71
3.550027272727273;5.439790909090909;COCODY;2;72
3.5453545454545456;5.433036363636363;COCODY;2;73
3.541472727272727;5.426618181818182;COCODY;2;74
3.5396181818181818;5.422172727272727;COCODY;2;75
3.5325818181818183;5.421809090909091;COCODY;2;76
3.531281818181818;5.414736363636363;COCODY;2;77
3.530727272727273;5.411063636363636;COCODY;2;78
3.5251727272727273;5.401054545454546;COCODY;2;79
3.524436363636364;5.398090909090909;COCODY;2;80
3.5214636363636362;5.3921636363636365;COCODY;2;81
3.5211;5.386981818181818;COCODY;2;82
3.522209090909091;5.384018181818182;COCODY;2;83
3.5214636363636362;5.373636363636364;COCODY;2;84
3.5177636363636364;5.366227272727273;COCODY;2;85
3.5192454545454543;5.364745454545455;COCODY;2;86
3.5196181818181818;5.362154545454546;COCODY;2;87
3.5211;5.361418181818181;COCODY;2;88
3.5207272727272727;5.356963636363636;COCODY;2;89
3.5211;5.355118181818182;COCODY;2;90
3.523690909090909;5.3566;COCODY;2;91
3.5240636363636364;5.3554818181818185;COCODY;2;92
3.522581818181818;5.352518181818182;COCODY;2;93
3.5262818181818183;5.347336363636364;COCODY;2;94
3.5314727272727273;5.342145454545455;COCODY;2;95
3.535172727272727;5.342145454545455;COCODY;2;96
3.541472727272727;5.341036363636364;COCODY;2;97
3.542581818181818;5.3414090909090906;COCODY;2;98
3.541472727272727;5.342518181818182;COCODY;2;99
3.5429545454545455;5.344;COCODY;2;100
3.545181818181818;5.345109090909091;COCODY;2;101
3.545181818181818;5.346590909090909;COCODY;2;102
3.5466636363636366;5.346590909090909;COCODY;2;103
3.547772727272727;5.349190909090909;COCODY;2;104
3.5481454545454545;5.3536363636363635;COCODY;2;105
3.5492545454545454;5.354745454545455;COCODY;2;106
3.5503636363636364;5.3536363636363635;COCODY;2;107
3.549627272727273;5.3503;COCODY;2;108
3.550736363636364;5.347709090909091;COCODY;2;109
3.5511090909090908;5.345481818181818;COCODY;2;110
3.5511090909090908;5.344372727272727;COCODY;2;111
3.552590909090909;5.342518181818182;COCODY;2;112
3.5566636363636364;5.344745454545454;COCODY;2;113
3.5566636363636364;5.345854545454546;COCODY;2;114
3.5644454545454547;5.345109090909091;COCODY;2;115
3.565190909090909;5.347709090909091;COCODY;2;116
3.5696363636363637;5.349554545454546;COCODY;2;117
3.5711181818181816;5.3484454545454545;COCODY;2;118
3.5733363636363635;5.345109090909091;COCODY;2;119
3.5729636363636366;5.342145454545455;COCODY;2;120
3.5785272727272726;5.341781818181818;COCODY;2;121
3.5803727272727275;5.341036363636364;COCODY;2;122
3.584081818181818;5.338818181818182;COCODY;2;123
3.589272727272727;5.339181818181818;COCODY;2;124
3.5922363636363634;5.339927272727273;COCODY;2;125
3.5944545454545453;5.340663636363637;COCODY;2;126
3.5952;5.342890909090909;COCODY;2;127
3.597790909090909;5.341036363636364;COCODY;2;128
3.6037181818181816;5.341036363636364;COCODY;2;129
3.6055727272727274;5.342890909090909;COCODY;2;130
3.6085363636363637;5.341781818181818;COCODY;2;131
3.610390909090909;5.344;COCODY;2;132
3.610018181818182;5.346963636363636;COCODY;2;133
3.6107545454545455;5.349554545454546;COCODY;2;134
3.6077909090909093;5.352154545454545;COCODY;2;135
3.602609090909091;5.357336363636364;COCODY;2;136
3.6037181818181816;5.358445454545454;COCODY;2;137
3.6066818181818183;5.356227272727272;COCODY;2;138
3.6074272727272727;5.358445454545454;COCODY;2;139
3.608909090909091;5.3606727272727275;COCODY;2;140
3.6118727272727273;5.3629;COCODY;2;141
3.6118727272727273;5.386981818181818;COCODY;2;142
3.6118727272727273;5.388463636363636;COCODY;2;143
3.6259454545454544;5.417354545454545;COCODY;2;144
3.6255818181818182;5.451445454545454;COCODY;2;145
3.6185363636363634;5.454036363636364;COCODY;2;146
3.6192818181818183;5.456627272727273;COCODY;2;147
3.623727272727273;5.456627272727273;COCODY;2;148
3.6255818181818182;5.458481818181818;COCODY;2;149
3.624836363636364;5.459590909090909;COCODY;2;150
3.6233545454545455;5.4603363636363635;COCODY;2;151
3.620018181818182;5.461445454545455;COCODY;2;152
3.6152;5.462927272727272;COCODY;2;153
3.6096454545454546;5.466263636363636;COCODY;2;154
3.6059454545454543;5.470336363636363;COCODY;2;155
3.602609090909091;5.474045454545455;COCODY;2;156
3.6007545454545453;5.477745454545454;COCODY;2;157
3.597790909090909;5.479972727272727;COCODY;2;158
3.5959363636363637;5.480709090909091;COCODY;2;159
3.5944545454545453;5.4847909090909095;COCODY;2;160
3.5911181818181817;5.490718181818182;COCODY;2;161
3.5848272727272725;5.4959;COCODY;2;162
3.5848272727272725;5.4959;COCODY;2;163
3.5155363636363637;5.426990909090909;ADJAME;3;164
3.530727272727273;5.411063636363636;ADJAME;3;165
3.526572727272727;5.403581818181818;ADJAME;3;166
3.5251727272727273;5.401054545454546;ADJAME;3;167
3.5214636363636362;5.3921636363636365;ADJAME;3;168
3.521990909090909;5.384609090909091;ADJAME;3;169
3.5214636363636362;5.373636363636364;ADJAME;3;170
3.5192454545454543;5.364745454545455;ADJAME;3;171
3.5177636363636364;5.366227272727273;ADJAME;3;172
3.5127545454545452;5.365709090909091;ADJAME;3;173
3.512090909090909;5.3625727272727275;ADJAME;3;174
3.5112727272727273;5.361754545454546;ADJAME;3;175
3.5104454545454544;5.361754545454546;ADJAME;3;176
3.5091272727272727;5.362745454545455;ADJAME;3;177
3.5079727272727275;5.363727272727273;ADJAME;3;178
3.505672727272727;5.364054545454546;ADJAME;3;179
3.5043545454545453;5.365709090909091;ADJAME;3;180
3.503690909090909;5.373118181818182;ADJAME;3;181
3.5038636363636364;5.378381818181818;ADJAME;3;182
3.5038636363636364;5.382827272727273;ADJAME;3;183
3.503527272727273;5.3902363636363635;ADJAME;3;184
3.504518181818182;5.3902363636363635;ADJAME;3;185
3.5048454545454546;5.395181818181818;ADJAME;3;186
3.503527272727273;5.397481818181818;ADJAME;3;187
3.503690909090909;5.3997909090909095;ADJAME;3;188
3.503527272727273;5.403418181818182;ADJAME;3;189
3.5051727272727273;5.4072;ADJAME;3;190
3.5069909090909093;5.407363636363637;ADJAME;3;191
3.5099545454545455;5.413627272727273;ADJAME;3;192
3.509618181818182;5.417409090909091;ADJAME;3;193
3.511927272727273;5.423663636363637;ADJAME;3;194
3.5155363636363637;5.426990909090909;ADJAME;3;195
3.504681818181818;5.356481818181818;ATTECOUBE;4;196
3.5020454545454545;5.359445454545455;ATTECOUBE;4;197
3.4976;5.364227272727272;ATTECOUBE;4;198
3.4949636363636363;5.3662;ATTECOUBE;4;199
3.4953;5.367354545454545;ATTECOUBE;4;200
3.4946363636363635;5.368336363636364;ATTECOUBE;4;201
3.4931545454545456;5.369990909090909;ATTECOUBE;4;202
3.4936545454545453;5.371136363636364;ATTECOUBE;4;203
3.494309090909091;5.372781818181818;ATTECOUBE;4;204
3.493981818181818;5.3742636363636365;ATTECOUBE;4;205
3.4934818181818184;5.376572727272727;ATTECOUBE;4;206
3.4931545454545456;5.379863636363637;ATTECOUBE;4;207
3.4926636363636363;5.381345454545454;ATTECOUBE;4;208
3.4893727272727273;5.383981818181818;ATTECOUBE;4;209
3.490190909090909;5.385463636363636;ATTECOUBE;4;210
3.4925;5.386618181818182;ATTECOUBE;4;211
3.495790909090909;5.3879363636363635;ATTECOUBE;4;212
3.4995818181818183;5.388927272727273;ATTECOUBE;4;213
3.5035454545454545;5.389981818181818;ATTECOUBE;4;214
3.503763636363636;5.3752545454545455;ATTECOUBE;4;215
3.503927272727273;5.370527272727273;ATTECOUBE;4;216
3.504272727272727;5.366572727272727;ATTECOUBE;4;217
3.505672727272727;5.364054545454546;ATTECOUBE;4;218
3.5058363636363636;5.359781818181818;ATTECOUBE;4;219
3.504681818181818;5.356481818181818;ATTECOUBE;4;220
3.506881818181818;5.363881818181818;PLATEAU;5;221
3.5084454545454546;5.363327272727273;PLATEAU;5;222
3.509809090909091;5.362236363636364;PLATEAU;5;223
3.5112727272727273;5.361754545454546;PLATEAU;5;224
3.512090909090909;5.3625727272727275;PLATEAU;5;225
3.5127545454545452;5.365709090909091;PLATEAU;5;226
3.5177636363636364;5.366227272727273;PLATEAU;5;227
3.5193363636363637;5.364136363636364;PLATEAU;5;228
3.520436363636364;5.361745454545455;PLATEAU;5;229
3.5192636363636365;5.361118181818182;PLATEAU;5;230
3.519318181818182;5.359745454545455;PLATEAU;5;231
3.5186363636363636;5.359109090909091;PLATEAU;5;232
3.5188727272727274;5.351063636363636;PLATEAU;5;233
3.5200454545454547;5.349109090909091;PLATEAU;5;234
3.520436363636364;5.3479909090909095;PLATEAU;5;235
3.5203363636363636;5.346818181818182;PLATEAU;5;236
3.5213636363636365;5.345109090909091;PLATEAU;5;237
3.523118181818182;5.343936363636364;PLATEAU;5;238
3.5245818181818183;5.342963636363637;PLATEAU;5;239
3.5252636363636363;5.3417;PLATEAU;5;240
3.5256454545454545;5.339809090909091;PLATEAU;5;241
3.5252090909090907;5.338927272727273;PLATEAU;5;242
3.5252090909090907;5.3376090909090905;PLATEAU;5;243
3.524109090909091;5.336845454545455;PLATEAU;5;244
3.5234454545454543;5.3367272727272725;PLATEAU;5;245
3.5222454545454545;5.335527272727273;PLATEAU;5;246
3.5201545454545453;5.333990909090909;PLATEAU;5;247
3.5190545454545457;5.333654545454546;PLATEAU;5;248
3.515;5.333;PLATEAU;5;249
3.512909090909091;5.334427272727273;PLATEAU;5;250
3.510390909090909;5.336072727272727;PLATEAU;5;251
3.5079727272727275;5.338045454545455;PLATEAU;5;252
3.5077545454545453;5.339581818181818;PLATEAU;5;253
3.5065454545454546;5.340463636363636;PLATEAU;5;254
3.5066545454545452;5.341454545454545;PLATEAU;5;255
3.5077545454545453;5.343318181818182;PLATEAU;5;256
3.5072;5.345736363636363;PLATEAU;5;257
3.5054454545454545;5.348254545454545;PLATEAU;5;258
3.5050090909090907;5.349790909090909;PLATEAU;5;259
3.5050090909090907;5.351109090909091;PLATEAU;5;260
3.504236363636364;5.3527545454545455;PLATEAU;5;261
3.5034727272727273;5.354409090909091;PLATEAU;5;262
3.504681818181818;5.356481818181818;PLATEAU;5;263
3.5057;5.359390909090909;PLATEAU;5;264
3.506881818181818;5.363881818181818;PLATEAU;5;265
3.4893727272727273;5.383981818181818;YOPOUGON;6;266
3.488709090909091;5.3746;YOPOUGON;6;267
3.4890363636363637;5.3662;YOPOUGON;6;268
3.4892;5.365045454545455;YOPOUGON;6;269
3.4890363636363637;5.363890909090909;YOPOUGON;6;270
3.490681818181818;5.362245454545454;YOPOUGON;6;271
3.4964454545454546;5.357636363636364;YOPOUGON;6;272
3.4966181818181816;5.355663636363636;YOPOUGON;6;273
3.4966181818181816;5.354345454545455;YOPOUGON;6;274
3.4982636363636366;5.3517090909090905;YOPOUGON;6;275
3.499909090909091;5.3471;YOPOUGON;6;276
3.5004;5.3443;YOPOUGON;6;277
3.5007272727272727;5.342981818181818;YOPOUGON;6;278
3.502209090909091;5.341009090909091;YOPOUGON;6;279
3.5032;5.337545454545454;YOPOUGON;6;280
3.5040272727272725;5.336063636363637;YOPOUGON;6;281
3.504681818181818;5.334581818181818;YOPOUGON;6;282
3.504681818181818;5.3331;YOPOUGON;6;283
3.503527272727273;5.332118181818182;YOPOUGON;6;284
3.5007272727272727;5.329972727272727;YOPOUGON;6;285
3.4976;5.328490909090909;YOPOUGON;6;286
3.494309090909091;5.327009090909091;YOPOUGON;6;287
3.494309090909091;5.324209090909091;YOPOUGON;6;288
3.4869;5.323881818181818;YOPOUGON;6;289
3.4867363636363637;5.325527272727273;YOPOUGON;6;290
3.484590909090909;5.327663636363637;YOPOUGON;6;291
3.483609090909091;5.328327272727273;YOPOUGON;6;292
3.4829454545454546;5.328981818181818;YOPOUGON;6;293
3.4813;5.328654545454546;YOPOUGON;6;294
3.4809727272727273;5.327663636363637;YOPOUGON;6;295
3.4806454545454546;5.326518181818182;YOPOUGON;6;296
3.4791636363636362;5.326518181818182;YOPOUGON;6;297
3.4786636363636365;5.3275;YOPOUGON;6;298
3.478009090909091;5.328163636363636;YOPOUGON;6;299
3.477018181818182;5.328654545454546;YOPOUGON;6;300
3.4755363636363636;5.329318181818182;YOPOUGON;6;301
3.474381818181818;5.329972727272727;YOPOUGON;6;302
3.473227272727273;5.329809090909091;YOPOUGON;6;303
3.472081818181818;5.329481818181818;YOPOUGON;6;304
3.4715818181818183;5.328327272727273;YOPOUGON;6;305
3.4697727272727272;5.328490909090909;YOPOUGON;6;306
3.4694454545454545;5.329481818181818;YOPOUGON;6;307
3.4679636363636366;5.329972727272727;YOPOUGON;6;308
3.4678;5.330636363636364;YOPOUGON;6;309
3.4678;5.3308;YOPOUGON;6;310
3.466809090909091;5.330963636363636;YOPOUGON;6;311
3.465981818181818;5.332281818181818;YOPOUGON;6;312
3.465981818181818;5.332936363636364;YOPOUGON;6;313
3.465818181818182;5.333763636363637;YOPOUGON;6;314
3.465818181818182;5.334418181818182;YOPOUGON;6;315
3.4653272727272726;5.335409090909091;YOPOUGON;6;316
3.464672727272727;5.335409090909091;YOPOUGON;6;317
3.464009090909091;5.335245454545454;YOPOUGON;6;318
3.462527272727273;5.334581818181818;YOPOUGON;6;319
3.461709090909091;5.335572727272727;YOPOUGON;6;320
3.4600545454545455;5.3357363636363635;YOPOUGON;6;321
3.457590909090909;5.333263636363636;YOPOUGON;6;322
3.457427272727273;5.332118181818182;YOPOUGON;6;323
3.4587454545454546;5.330636363636364;YOPOUGON;6;324
3.4597272727272728;5.330136363636363;YOPOUGON;6;325
3.4608818181818184;5.329645454545455;YOPOUGON;6;326
3.4633545454545454;5.329645454545455;YOPOUGON;6;327
3.464672727272727;5.327836363636363;YOPOUGON;6;328
3.464009090909091;5.326181818181818;YOPOUGON;6;329
3.461709090909091;5.3252;YOPOUGON;6;330
3.4597272727272728;5.3247;YOPOUGON;6;331
3.4590727272727273;5.322890909090909;YOPOUGON;6;332
3.4597272727272728;5.321909090909091;YOPOUGON;6;333
3.461209090909091;5.3224;YOPOUGON;6;334
3.4623636363636363;5.323218181818182;YOPOUGON;6;335
3.4638454545454547;5.323554545454545;YOPOUGON;6;336
3.4653272727272726;5.322727272727272;YOPOUGON;6;337
3.465818181818182;5.322236363636364;YOPOUGON;6;338
3.4643363636363635;5.321572727272727;YOPOUGON;6;339
3.4623636363636363;5.3207545454545455;YOPOUGON;6;340
3.460390909090909;5.320590909090909;YOPOUGON;6;341
3.458572727272727;5.3197636363636365;YOPOUGON;6;342
3.4569272727272726;5.3196;YOPOUGON;6;343
3.454127272727273;5.319927272727273;YOPOUGON;6;344
3.4503454545454546;5.3197636363636365;YOPOUGON;6;345
3.4496818181818183;5.320418181818182;YOPOUGON;6;346
3.4483636363636365;5.320418181818182;YOPOUGON;6;347
3.4472181818181817;5.321409090909091;YOPOUGON;6;348
3.4465545454545454;5.322072727272727;YOPOUGON;6;349
3.445736363636364;5.322890909090909;YOPOUGON;6;350
3.443918181818182;5.323218181818182;YOPOUGON;6;351
3.442109090909091;5.324209090909091;YOPOUGON;6;352
3.440790909090909;5.325527272727273;YOPOUGON;6;353
3.4403;5.326845454545454;YOPOUGON;6;354
3.439636363636364;5.327836363636363;YOPOUGON;6;355
3.439309090909091;5.328818181818182;YOPOUGON;6;356
3.438490909090909;5.329972727272727;YOPOUGON;6;357
3.4363454545454544;5.3303;YOPOUGON;6;358
3.4340454545454544;5.330636363636364;YOPOUGON;6;359
3.432390909090909;5.330136363636363;YOPOUGON;6;360
3.4312454545454547;5.329481818181818;YOPOUGON;6;361
3.430909090909091;5.328490909090909;YOPOUGON;6;362
3.430090909090909;5.327172727272727;YOPOUGON;6;363
3.4276181818181817;5.326354545454546;YOPOUGON;6;364
3.424818181818182;5.326018181818182;YOPOUGON;6;365
3.4218545454545453;5.327009090909091;YOPOUGON;6;366
3.4195545454545453;5.328163636363636;YOPOUGON;6;367
3.4190545454545456;5.328818181818182;YOPOUGON;6;368
3.4179;5.329481818181818;YOPOUGON;6;369
3.417572727272727;5.328490909090909;YOPOUGON;6;370
3.4167545454545456;5.329645454545455;YOPOUGON;6;371
3.416418181818182;5.330636363636364;YOPOUGON;6;372
3.4144454545454543;5.331781818181819;YOPOUGON;6;373
3.4144454545454543;5.3336;YOPOUGON;6;374
3.4128;5.334254545454545;YOPOUGON;6;375
3.4116454545454546;5.334254545454545;YOPOUGON;6;376
3.410990909090909;5.335409090909091;YOPOUGON;6;377
3.41;5.336390909090909;YOPOUGON;6;378
3.4096727272727274;5.337218181818182;YOPOUGON;6;379
3.4093454545454547;5.338209090909091;YOPOUGON;6;380
3.4101636363636363;5.3390272727272725;YOPOUGON;6;381
3.411481818181818;5.339363636363636;YOPOUGON;6;382
3.411318181818182;5.340509090909091;YOPOUGON;6;383
3.4088454545454545;5.341172727272728;YOPOUGON;6;384
3.409009090909091;5.344627272727273;YOPOUGON;6;385
3.408190909090909;5.345618181818182;YOPOUGON;6;386
3.4108272727272726;5.346772727272727;YOPOUGON;6;387
3.4096727272727274;5.3475909090909095;YOPOUGON;6;388
3.4093454545454547;5.348745454545455;YOPOUGON;6;389
3.409509090909091;5.350063636363636;YOPOUGON;6;390
3.4091727272727272;5.350554545454545;YOPOUGON;6;391
3.4096727272727274;5.352036363636364;YOPOUGON;6;392
3.408518181818182;5.353518181818182;YOPOUGON;6;393
3.4083545454545456;5.356809090909091;YOPOUGON;6;394
3.4063818181818184;5.3569818181818185;YOPOUGON;6;395
3.4047272727272726;5.357309090909091;YOPOUGON;6;396
3.4035818181818183;5.357472727272727;YOPOUGON;6;397
3.4017636363636363;5.356318181818182;YOPOUGON;6;398
3.4027545454545454;5.353190909090909;YOPOUGON;6;399
3.4027545454545454;5.351054545454545;YOPOUGON;6;400
3.403081818181818;5.348745454545455;YOPOUGON;6;401
3.399790909090909;5.3466;YOPOUGON;6;402
3.4009454545454547;5.345118181818182;YOPOUGON;6;403
3.4034181818181817;5.344954545454545;YOPOUGON;6;404
3.4034181818181817;5.343472727272728;YOPOUGON;6;405
3.4017636363636363;5.343472727272728;YOPOUGON;6;406
3.400618181818182;5.341827272727273;YOPOUGON;6;407
3.4012727272727274;5.340345454545455;YOPOUGON;6;408
3.400618181818182;5.338209090909091;YOPOUGON;6;409
3.4027545454545454;5.337872727272727;YOPOUGON;6;410
3.4017636363636363;5.3359;YOPOUGON;6;411
3.403909090909091;5.333427272727273;YOPOUGON;6;412
3.4058818181818182;5.330463636363636;YOPOUGON;6;413
3.4078636363636363;5.3303;YOPOUGON;6;414
3.409509090909091;5.328654545454546;YOPOUGON;6;415
3.4098363636363636;5.326354545454546;YOPOUGON;6;416
3.4086818181818184;5.325036363636364;YOPOUGON;6;417
3.4057181818181816;5.325363636363637;YOPOUGON;6;418
3.4027545454545454;5.326181818181818;YOPOUGON;6;419
3.3994636363636364;5.3275;YOPOUGON;6;420
3.3965;5.330636363636364;YOPOUGON;6;421
3.393536363636364;5.330136363636363;YOPOUGON;6;422
3.3909;5.329645454545455;YOPOUGON;6;423
3.389418181818182;5.329145454545454;YOPOUGON;6;424
3.3874454545454546;5.328654545454546;YOPOUGON;6;425
3.386290909090909;5.329972727272727;YOPOUGON;6;426
3.3854636363636366;5.335245454545454;YOPOUGON;6;427
3.3882636363636363;5.3443;YOPOUGON;6;428
3.3881;5.3527;YOPOUGON;6;429
3.388590909090909;5.353354545454545;YOPOUGON;6;430
3.388590909090909;5.361090909090909;YOPOUGON;6;431
3.4058818181818182;5.385463636363636;YOPOUGON;6;432
3.4083545454545456;5.394027272727273;YOPOUGON;6;433
3.405390909090909;5.400445454545454;YOPOUGON;6;434
3.4170818181818183;5.400118181818182;YOPOUGON;6;435
3.4200454545454546;5.402590909090909;YOPOUGON;6;436
3.4243272727272727;5.402427272727273;YOPOUGON;6;437
3.424818181818182;5.403245454545455;YOPOUGON;6;438
3.4289363636363634;5.4029181818181815;YOPOUGON;6;439
3.4291;5.410990909090909;YOPOUGON;6;440
3.4296;5.412136363636364;YOPOUGON;6;441
3.4291;5.4207;YOPOUGON;6;442
3.4516636363636364;5.420863636363636;YOPOUGON;6;443
3.4592363636363634;5.418890909090909;YOPOUGON;6;444
3.4590727272727273;5.4072;YOPOUGON;6;445
3.4577545454545455;5.4049;YOPOUGON;6;446
3.4608818181818184;5.3997909090909095;YOPOUGON;6;447
3.4707636363636363;5.396;YOPOUGON;6;448
3.474881818181818;5.386290909090909;YOPOUGON;6;449
3.477018181818182;5.3853;YOPOUGON;6;450
3.478336363636364;5.384145454545455;YOPOUGON;6;451
3.4893727272727273;5.383981818181818;YOPOUGON;6;452
3.5337727272727273;5.265654545454545;PORT-BOUET;7;453
3.5352545454545456;5.268618181818182;PORT-BOUET;7;454
3.540190909090909;5.267381818181819;PORT-BOUET;7;455
3.5510545454545452;5.264909090909091;PORT-BOUET;7;456
3.5567363636363636;5.266636363636364;PORT-BOUET;7;457
3.5673636363636363;5.263918181818182;PORT-BOUET;7;458
3.5713090909090908;5.263672727272727;PORT-BOUET;7;459
3.5844;5.257254545454545;PORT-BOUET;7;460
3.5878636363636365;5.256763636363637;PORT-BOUET;7;461
3.593790909090909;5.255527272727273;PORT-BOUET;7;462
3.6009545454545453;5.255272727272727;PORT-BOUET;7;463
3.6088545454545455;5.253790909090909;PORT-BOUET;7;464
3.616763636363636;5.2533;PORT-BOUET;7;465
3.624909090909091;5.252063636363636;PORT-BOUET;7;466
3.632563636363636;5.251327272727273;PORT-BOUET;7;467
3.637509090909091;5.250090909090909;PORT-BOUET;7;468
3.6394818181818183;5.250090909090909;PORT-BOUET;7;469
3.6402272727272726;5.248854545454545;PORT-BOUET;7;470
3.644172727272727;5.248854545454545;PORT-BOUET;7;471
3.6456545454545455;5.247372727272727;PORT-BOUET;7;472
3.6506;5.247618181818182;PORT-BOUET;7;473
3.655290909090909;5.248118181818182;PORT-BOUET;7;474
3.685918181818182;5.240454545454545;PORT-BOUET;7;475
3.6874;5.241445454545454;PORT-BOUET;7;476
3.6876454545454544;5.244163636363637;PORT-BOUET;7;477
3.685918181818182;5.247863636363636;PORT-BOUET;7;478
3.6812272727272726;5.252563636363637;PORT-BOUET;7;479
3.6765363636363637;5.2577454545454545;PORT-BOUET;7;480
3.6718363636363636;5.262690909090909;PORT-BOUET;7;481
3.667890909090909;5.271081818181818;PORT-BOUET;7;482
3.6664090909090907;5.272818181818182;PORT-BOUET;7;483
3.6666545454545454;5.277509090909091;PORT-BOUET;7;484
3.663690909090909;5.283927272727273;PORT-BOUET;7;485
3.659490909090909;5.287881818181818;PORT-BOUET;7;486
3.6592454545454545;5.290354545454545;PORT-BOUET;7;487
3.6587454545454547;5.292572727272727;PORT-BOUET;7;488
3.6582545454545454;5.2948;PORT-BOUET;7;489
3.6570181818181817;5.295781818181818;PORT-BOUET;7;490
3.656281818181818;5.2972636363636365;PORT-BOUET;7;491
3.651090909090909;5.297763636363636;PORT-BOUET;7;492
3.649363636363636;5.296772727272727;PORT-BOUET;7;493
3.645909090909091;5.296772727272727;PORT-BOUET;7;494
3.6434363636363636;5.296281818181818;PORT-BOUET;7;495
3.641209090909091;5.295781818181818;PORT-BOUET;7;496
3.6402272727272726;5.294545454545455;PORT-BOUET;7;497
3.640718181818182;5.2930636363636365;PORT-BOUET;7;498
3.6444272727272726;5.291836363636364;PORT-BOUET;7;499
3.6476363636363636;5.290845454545455;PORT-BOUET;7;500
3.649118181818182;5.290845454545455;PORT-BOUET;7;501
3.652081818181818;5.2901;PORT-BOUET;7;502
3.653318181818182;5.288872727272727;PORT-BOUET;7;503
3.653318181818182;5.2873909090909095;PORT-BOUET;7;504
3.651336363636364;5.287636363636364;PORT-BOUET;7;505
3.6476363636363636;5.288127272727273;PORT-BOUET;7;506
3.6422;5.288618181818181;PORT-BOUET;7;507
3.639981818181818;5.2873909090909095;PORT-BOUET;7;508
3.6372636363636364;5.288872727272727;PORT-BOUET;7;509
3.6352818181818183;5.291836363636364;PORT-BOUET;7;510
3.636518181818182;5.296027272727272;PORT-BOUET;7;511
3.6360272727272727;5.298009090909091;PORT-BOUET;7;512
3.6335545454545453;5.299245454545455;PORT-BOUET;7;513
3.6303454545454548;5.299981818181818;PORT-BOUET;7;514
3.626890909090909;5.3014636363636365;PORT-BOUET;7;515
3.6259;5.304927272727273;PORT-BOUET;7;516
3.6266363636363637;5.307145454545455;PORT-BOUET;7;517
3.628118181818182;5.309118181818182;PORT-BOUET;7;518
3.627136363636364;5.3106;PORT-BOUET;7;519
3.618981818181818;5.3111;PORT-BOUET;7;520
3.615527272727273;5.312827272727272;PORT-BOUET;7;521
3.6130545454545455;5.313318181818182;PORT-BOUET;7;522
3.611572727272727;5.312336363636364;PORT-BOUET;7;523
3.6100909090909092;5.310109090909091;PORT-BOUET;7;524
3.6054;5.310109090909091;PORT-BOUET;7;525
3.603418181818182;5.310109090909091;PORT-BOUET;7;526
3.6046545454545456;5.3069;PORT-BOUET;7;527
3.6061363636363635;5.304181818181818;PORT-BOUET;7;528
3.6098454545454546;5.303936363636364;PORT-BOUET;7;529
3.612318181818182;5.300727272727273;PORT-BOUET;7;530
3.6145363636363634;5.298745454545455;PORT-BOUET;7;531
3.6150272727272728;5.2948;PORT-BOUET;7;532
3.615527272727273;5.291836363636364;PORT-BOUET;7;533
3.6177454545454544;5.285909090909091;PORT-BOUET;7;534
3.6133;5.289363636363636;PORT-BOUET;7;535
3.612563636363636;5.291090909090909;PORT-BOUET;7;536
3.6088545454545455;5.290845454545455;PORT-BOUET;7;537
3.607372727272727;5.293563636363636;PORT-BOUET;7;538
3.6051545454545453;5.2948;PORT-BOUET;7;539
3.6029272727272725;5.297018181818181;PORT-BOUET;7;540
3.6019363636363635;5.2982545454545455;PORT-BOUET;7;541
3.600709090909091;5.2972636363636365;PORT-BOUET;7;542
3.597;5.297018181818181;PORT-BOUET;7;543
3.5957636363636363;5.295536363636364;PORT-BOUET;7;544
3.5952727272727274;5.292572727272727;PORT-BOUET;7;545
3.5940363636363637;5.2906;PORT-BOUET;7;546
3.5915636363636363;5.2901;PORT-BOUET;7;547
3.587618181818182;5.289118181818182;PORT-BOUET;7;548
3.583172727272727;5.2896090909090905;PORT-BOUET;7;549
3.5819363636363635;5.287881818181818;PORT-BOUET;7;550
3.5809454545454544;5.286890909090909;PORT-BOUET;7;551
3.5809454545454544;5.285909090909091;PORT-BOUET;7;552
3.5826727272727275;5.284172727272727;PORT-BOUET;7;553
3.5858818181818184;5.284427272727273;PORT-BOUET;7;554
3.5925545454545453;5.284427272727273;PORT-BOUET;7;555
3.5962545454545456;5.284918181818182;PORT-BOUET;7;556
3.599718181818182;5.285163636363636;PORT-BOUET;7;557
3.6019363636363635;5.284427272727273;PORT-BOUET;7;558
3.6024363636363637;5.2831909090909095;PORT-BOUET;7;559
3.600209090909091;5.282690909090909;PORT-BOUET;7;560
3.5952727272727274;5.281954545454545;PORT-BOUET;7;561
3.5893454545454544;5.280227272727273;PORT-BOUET;7;562
3.5856363636363637;5.279727272727273;PORT-BOUET;7;563
3.5819363636363635;5.279727272727273;PORT-BOUET;7;564
3.5797090909090907;5.2831909090909095;PORT-BOUET;7;565
3.5777363636363635;5.283681818181818;PORT-BOUET;7;566
3.5762545454545456;5.284427272727273;PORT-BOUET;7;567
3.575018181818182;5.283927272727273;PORT-BOUET;7;568
3.5730454545454546;5.281954545454545;PORT-BOUET;7;569
3.571809090909091;5.279236363636364;PORT-BOUET;7;570
3.5713090909090908;5.278745454545454;PORT-BOUET;7;571
3.569581818181818;5.278490909090909;PORT-BOUET;7;572
3.568590909090909;5.279481818181818;PORT-BOUET;7;573
3.5637363636363637;5.279890909090909;PORT-BOUET;7;574
3.563727272727273;5.283309090909091;PORT-BOUET;7;575
3.5591909090909093;5.284081818181818;PORT-BOUET;7;576
3.5553;5.283827272727272;PORT-BOUET;7;577
3.553181818181818;5.285581818181818;PORT-BOUET;7;578
3.5521545454545453;5.285363636363637;PORT-BOUET;7;579
3.551718181818182;5.284563636363637;PORT-BOUET;7;580
3.550109090909091;5.284709090909091;PORT-BOUET;7;581
3.549009090909091;5.286027272727273;PORT-BOUET;7;582
3.5488636363636363;5.287118181818181;PORT-BOUET;7;583
3.545427272727273;5.288654545454546;PORT-BOUET;7;584
3.543963636363636;5.291290909090909;PORT-BOUET;7;585
3.5433;5.292390909090909;PORT-BOUET;7;586
3.543518181818182;5.2951;PORT-BOUET;7;587
3.5426454545454544;5.295463636363636;PORT-BOUET;7;588
3.531881818181818;5.291290909090909;PORT-BOUET;7;589
3.530790909090909;5.291363636363636;PORT-BOUET;7;590
3.5295454545454548;5.289318181818182;PORT-BOUET;7;591
3.5278636363636364;5.287118181818181;PORT-BOUET;7;592
3.5276363636363635;5.286536363636364;PORT-BOUET;7;593
3.5269090909090908;5.285654545454546;PORT-BOUET;7;594
3.5250090909090908;5.285145454545455;PORT-BOUET;7;595
3.5239818181818183;5.284781818181818;PORT-BOUET;7;596
3.520390909090909;5.284854545454546;PORT-BOUET;7;597
3.5181272727272725;5.2858;PORT-BOUET;7;598
3.516590909090909;5.2858;PORT-BOUET;7;599
3.5144636363636366;5.284490909090909;PORT-BOUET;7;600
3.513809090909091;5.283972727272728;PORT-BOUET;7;601
3.514390909090909;5.282945454545454;PORT-BOUET;7;602
3.5143181818181817;5.281854545454546;PORT-BOUET;7;603
3.5337727272727273;5.265654545454545;PORT-BOUET;7;604
3.5677363636363637;5.321;KOUMASSI;8;605
3.5653272727272727;5.321118181818182;KOUMASSI;8;606
3.5624727272727275;5.321554545454545;KOUMASSI;8;607
3.558736363636364;5.321336363636363;KOUMASSI;8;608
3.558409090909091;5.3243;KOUMASSI;8;609
3.5571636363636365;5.327136363636364;KOUMASSI;8;610
3.5561;5.3281363636363634;KOUMASSI;8;611
3.558618181818182;5.330236363636364;KOUMASSI;8;612
3.561581818181818;5.331063636363637;KOUMASSI;8;613
3.5630636363636365;5.333363636363637;KOUMASSI;8;614
3.5635636363636363;5.335836363636363;KOUMASSI;8;615
3.5650454545454546;5.336;KOUMASSI;8;616
3.566690909090909;5.334845454545454;KOUMASSI;8;617
3.570972727272727;5.335345454545455;KOUMASSI;8;618
3.570809090909091;5.334027272727273;KOUMASSI;8;619
3.570309090909091;5.332054545454546;KOUMASSI;8;620
3.569818181818182;5.331227272727273;KOUMASSI;8;621
3.5716272727272727;5.330072727272727;KOUMASSI;8;622
3.5736090909090907;5.330736363636364;KOUMASSI;8;623
3.575418181818182;5.331718181818182;KOUMASSI;8;624
3.5788727272727274;5.331227272727273;KOUMASSI;8;625
3.5803545454545453;5.328918181818182;KOUMASSI;8;626
3.583818181818182;5.324809090909091;KOUMASSI;8;627
3.586618181818182;5.321845454545454;KOUMASSI;8;628
3.5874363636363635;5.322336363636364;KOUMASSI;8;629
3.586781818181818;5.324809090909091;KOUMASSI;8;630
3.5869454545454547;5.326945454545455;KOUMASSI;8;631
3.5851363636363636;5.328590909090909;KOUMASSI;8;632
3.5825;5.330236363636364;KOUMASSI;8;633
3.5833181818181816;5.333036363636364;KOUMASSI;8;634
3.592872727272727;5.332872727272727;KOUMASSI;8;635
3.595172727272727;5.335181818181818;KOUMASSI;8;636
3.5979727272727273;5.333536363636363;KOUMASSI;8;637
3.598309090909091;5.329254545454545;KOUMASSI;8;638
3.6055545454545452;5.329418181818181;KOUMASSI;8;639
3.6072;5.3305727272727275;KOUMASSI;8;640
3.6095;5.3287545454545455;KOUMASSI;8;641
3.6095;5.326290909090909;KOUMASSI;8;642
3.6072;5.3264545454545456;KOUMASSI;8;643
3.6070363636363636;5.320027272727272;KOUMASSI;8;644
3.6040727272727273;5.320527272727273;KOUMASSI;8;645
3.6032454545454544;5.318545454545455;KOUMASSI;8;646
3.596990909090909;5.318545454545455;KOUMASSI;8;647
3.596990909090909;5.317390909090909;KOUMASSI;8;648
3.5938636363636363;5.313936363636364;KOUMASSI;8;649
3.5943545454545456;5.309818181818182;KOUMASSI;8;650
3.589909090909091;5.299772727272727;KOUMASSI;8;651
3.588590909090909;5.2976363636363635;KOUMASSI;8;652
3.585627272727273;5.296481818181818;KOUMASSI;8;653
3.5833181818181816;5.295490909090909;KOUMASSI;8;654
3.581672727272727;5.294836363636364;KOUMASSI;8;655
3.5765727272727275;5.294836363636364;KOUMASSI;8;656
3.575418181818182;5.295327272727273;KOUMASSI;8;657
3.575418181818182;5.297309090909091;KOUMASSI;8;658
3.5714636363636365;5.297472727272727;KOUMASSI;8;659
3.5717909090909092;5.295490909090909;KOUMASSI;8;660
3.574263636363636;5.295327272727273;KOUMASSI;8;661
3.5747545454545455;5.294509090909091;KOUMASSI;8;662
3.5739363636363635;5.292363636363636;KOUMASSI;8;663
3.5727818181818183;5.291709090909091;KOUMASSI;8;664
3.5729454545454544;5.289727272727273;KOUMASSI;8;665
3.5716272727272727;5.287590909090909;KOUMASSI;8;666
3.569818181818182;5.285618181818182;KOUMASSI;8;667
3.5657;5.283636363636363;KOUMASSI;8;668
3.563727272727273;5.283309090909091;KOUMASSI;8;669
3.5630636363636365;5.283972727272728;KOUMASSI;8;670
3.5573;5.284136363636364;KOUMASSI;8;671
3.5556545454545456;5.285781818181818;KOUMASSI;8;672
3.554336363636364;5.288745454545454;KOUMASSI;8;673
3.5518727272727273;5.295663636363637;KOUMASSI;8;674
3.5495636363636365;5.3006;KOUMASSI;8;675
3.5477545454545454;5.304054545454545;KOUMASSI;8;676
3.546018181818182;5.303927272727273;KOUMASSI;8;677
3.5447727272727274;5.306381818181818;KOUMASSI;8;678
3.5452636363636363;5.307272727272728;KOUMASSI;8;679
3.557509090909091;5.307390909090909;KOUMASSI;8;680
3.558572727272727;5.3083;KOUMASSI;8;681
3.5590727272727274;5.309427272727273;KOUMASSI;8;682
3.5594636363636365;5.310781818181818;KOUMASSI;8;683
3.559727272727273;5.311890909090909;KOUMASSI;8;684
3.5603;5.312772727272727;KOUMASSI;8;685
3.5619181818181818;5.314309090909091;KOUMASSI;8;686
3.561818181818182;5.317081818181818;KOUMASSI;8;687
3.5622454545454545;5.318190909090909;KOUMASSI;8;688
3.563290909090909;5.319690909090909;KOUMASSI;8;689
3.5639;5.320236363636363;KOUMASSI;8;690
3.5677363636363637;5.321;KOUMASSI;8;691
3.526581818181818;5.2911090909090905;TREICHVILLE;9;692
3.5285545454545453;5.291272727272728;TREICHVILLE;9;693
3.526581818181818;5.2911090909090905;TREICHVILLE;9;694
3.5262363636363636;5.292663636363637;TREICHVILLE;9;695
3.5260363636363636;5.2935454545454546;TREICHVILLE;9;696
3.5259454545454547;5.2942;TREICHVILLE;9;697
3.525781818181818;5.294945454545455;TREICHVILLE;9;698
3.521781818181818;5.295072727272728;TREICHVILLE;9;699
3.521781818181818;5.296409090909091;TREICHVILLE;9;700
3.5224;5.297836363636364;TREICHVILLE;9;701
3.522490909090909;5.3004727272727274;TREICHVILLE;9;702
3.524672727272727;5.301518181818182;TREICHVILLE;9;703
3.525390909090909;5.3034;TREICHVILLE;9;704
3.5239727272727275;5.304518181818182;TREICHVILLE;9;705
3.5224363636363636;5.306381818181818;TREICHVILLE;9;706
3.5224363636363636;5.307263636363636;TREICHVILLE;9;707
3.523209090909091;5.308690909090909;TREICHVILLE;9;708
3.5234272727272726;5.309790909090909;TREICHVILLE;9;709
3.5248545454545455;5.310772727272727;TREICHVILLE;9;710
3.5258454545454545;5.3118727272727275;TREICHVILLE;9;711
3.5248545454545455;5.313190909090909;TREICHVILLE;9;712
3.523318181818182;5.313409090909091;TREICHVILLE;9;713
3.521781818181818;5.313736363636363;TREICHVILLE;9;714
3.5202454545454547;5.314945454545454;TREICHVILLE;9;715
3.5190363636363635;5.315718181818182;TREICHVILLE;9;716
3.5180454545454545;5.317145454545455;TREICHVILLE;9;717
3.515963636363636;5.318572727272727;TREICHVILLE;9;718
3.5137636363636364;5.320763636363637;TREICHVILLE;9;719
3.512009090909091;5.320763636363637;TREICHVILLE;9;720
3.5104727272727274;5.322409090909091;TREICHVILLE;9;721
3.5080545454545455;5.322854545454545;TREICHVILLE;9;722
3.513981818181818;5.329654545454545;TREICHVILLE;9;723
3.517390909090909;5.329654545454545;TREICHVILLE;9;724
3.523318181818182;5.333390909090909;TREICHVILLE;9;725
3.5271545454545454;5.333281818181818;TREICHVILLE;9;726
3.5285818181818183;5.334818181818182;TREICHVILLE;9;727
3.5324272727272725;5.334818181818182;TREICHVILLE;9;728
3.5335272727272726;5.335472727272728;TREICHVILLE;9;729
3.5358272727272726;5.336027272727272;TREICHVILLE;9;730
3.5372545454545454;5.3357;TREICHVILLE;9;731
3.5377;5.331190909090909;TREICHVILLE;9;732
3.5406636363636363;5.3287818181818185;TREICHVILLE;9;733
3.543290909090909;5.3235090909090905;TREICHVILLE;9;734
3.5440636363636364;5.3202181818181815;TREICHVILLE;9;735
3.5451636363636365;5.318463636363636;TREICHVILLE;9;736
3.545272727272727;5.306381818181818;TREICHVILLE;9;737
3.5395636363636362;5.306381818181818;TREICHVILLE;9;738
3.538027272727273;5.305836363636364;TREICHVILLE;9;739
3.5362727272727272;5.305727272727273;TREICHVILLE;9;740
3.5353909090909093;5.303754545454545;TREICHVILLE;9;741
3.534290909090909;5.303754545454545;TREICHVILLE;9;742
3.5332;5.302436363636364;TREICHVILLE;9;743
3.5306727272727274;5.3009;TREICHVILLE;9;744
3.5306727272727274;5.300127272727273;TREICHVILLE;9;745
3.531218181818182;5.2991363636363635;TREICHVILLE;9;746
3.5325363636363636;5.297136363636364;TREICHVILLE;9;747
3.5314363636363635;5.296254545454546;TREICHVILLE;9;748
3.5292454545454546;5.296254545454546;TREICHVILLE;9;749
3.5292454545454546;5.294609090909091;TREICHVILLE;9;750
3.5292454545454546;5.293518181818182;TREICHVILLE;9;751
3.528809090909091;5.2916454545454545;TREICHVILLE;9;752
3.526581818181818;5.2911090909090905;TREICHVILLE;9;753
3.5452636363636363;5.307272727272728;MARCORY;10;754
3.5580818181818183;5.307390909090909;MARCORY;10;755
3.5588454545454544;5.308818181818181;MARCORY;10;756
3.559281818181818;5.310027272727273;MARCORY;10;757
3.559727272727273;5.311890909090909;MARCORY;10;758
3.5599454545454545;5.312445454545455;MARCORY;10;759
3.5619181818181818;5.314309090909091;MARCORY;10;760
3.5618090909090907;5.317381818181818;MARCORY;10;761
3.5628;5.319245454545454;MARCORY;10;762
3.5639;5.320236363636363;MARCORY;10;763
3.5677363636363637;5.321;MARCORY;10;764
3.5653272727272727;5.321118181818182;MARCORY;10;765
3.5639;5.321990909090909;MARCORY;10;766
3.5624727272727275;5.321554545454545;MARCORY;10;767
3.559618181818182;5.321336363636363;MARCORY;10;768
3.558736363636364;5.321336363636363;MARCORY;10;769
3.558409090909091;5.3243;MARCORY;10;770
3.5579727272727273;5.326381818181818;MARCORY;10;771
3.5561;5.3281363636363634;MARCORY;10;772
3.552918181818182;5.3299;MARCORY;10;773
3.5512727272727274;5.331872727272727;MARCORY;10;774
3.550390909090909;5.331763636363636;MARCORY;10;775
3.548636363636364;5.330227272727273;MARCORY;10;776
3.547318181818182;5.3292363636363635;MARCORY;10;777
3.5474272727272727;5.331545454545455;MARCORY;10;778
3.546772727272727;5.332754545454545;MARCORY;10;779
3.5440272727272726;5.335381818181818;MARCORY;10;780
3.544681818181818;5.337363636363636;MARCORY;10;781
3.5444636363636364;5.338790909090909;MARCORY;10;782
3.542927272727273;5.339227272727273;MARCORY;10;783
3.5410636363636363;5.3386818181818185;MARCORY;10;784
3.540409090909091;5.338345454545455;MARCORY;10;785
3.539963636363636;5.336918181818182;MARCORY;10;786
3.536872727272727;5.335781818181818;MARCORY;10;787
3.5374;5.334263636363636;MARCORY;10;788
3.5375727272727273;5.3325;MARCORY;10;789
3.5377363636363635;5.3311636363636365;MARCORY;10;790
3.5396545454545456;5.3296;MARCORY;10;791
3.5406636363636363;5.3287818181818185;MARCORY;10;792
3.541827272727273;5.326436363636364;MARCORY;10;793
3.5440636363636364;5.3202181818181815;MARCORY;10;794
3.5451727272727274;5.3174363636363635;MARCORY;10;795
3.5452636363636363;5.307409090909091;MARCORY;10;796
3.5452636363636363;5.307272727272728;MARCORY;10;797
3.3863545454545454;5.3299;LAGUNE EBRIE;11;798
3.3843727272727273;5.327781818181818;LAGUNE EBRIE;11;799
3.3839272727272727;5.327054545454545;LAGUNE EBRIE;11;800
3.381818181818182;5.3272;LAGUNE EBRIE;11;801
3.3818727272727274;5.310727272727273;LAGUNE EBRIE;11;802
3.3847363636363634;5.310509090909091;LAGUNE EBRIE;11;803
3.3873;5.312636363636364;LAGUNE EBRIE;11;804
3.388609090909091;5.312636363636364;LAGUNE EBRIE;11;805
3.3902272727272726;5.311754545454545;LAGUNE EBRIE;11;806
3.3918363636363638;5.3113909090909095;LAGUNE EBRIE;11;807
3.393881818181818;5.310872727272727;LAGUNE EBRIE;11;808
3.3958545454545455;5.310290909090909;LAGUNE EBRIE;11;809
3.396663636363636;5.309263636363636;LAGUNE EBRIE;11;810
3.397027272727273;5.308390909090909;LAGUNE EBRIE;11;811
3.3967363636363634;5.3075090909090905;LAGUNE EBRIE;11;812
3.3958545454545455;5.307145454545455;LAGUNE EBRIE;11;813
3.395636363636364;5.306636363636364;LAGUNE EBRIE;11;814
3.3951272727272728;5.304509090909091;LAGUNE EBRIE;11;815
3.3951272727272728;5.3023181818181815;LAGUNE EBRIE;11;816
3.3957818181818182;5.300336363636363;LAGUNE EBRIE;11;817
3.3963727272727273;5.298290909090909;LAGUNE EBRIE;11;818
3.3967363636363634;5.296463636363637;LAGUNE EBRIE;11;819
3.3969545454545456;5.295509090909091;LAGUNE EBRIE;11;820
3.3974;5.295218181818182;LAGUNE EBRIE;11;821
3.3971;5.2925818181818185;LAGUNE EBRIE;11;822
3.3965181818181818;5.292218181818182;LAGUNE EBRIE;11;823
3.3967363636363634;5.288481818181818;LAGUNE EBRIE;11;824
3.3973181818181817;5.286363636363636;LAGUNE EBRIE;11;825
3.3983454545454546;5.2840181818181815;LAGUNE EBRIE;11;826
3.3996636363636363;5.282481818181818;LAGUNE EBRIE;11;827
3.400909090909091;5.282263636363636;LAGUNE EBRIE;11;828
3.4021545454545454;5.281454545454546;LAGUNE EBRIE;11;829
3.4040545454545454;5.282045454545455;LAGUNE EBRIE;11;830
3.4059545454545455;5.282409090909091;LAGUNE EBRIE;11;831
3.407490909090909;5.2835090909090905;LAGUNE EBRIE;11;832
3.4083;5.284754545454545;LAGUNE EBRIE;11;833
3.4106454545454548;5.285845454545455;LAGUNE EBRIE;11;834
3.4161272727272727;5.2859181818181815;LAGUNE EBRIE;11;835
3.4204454545454546;5.286509090909091;LAGUNE EBRIE;11;836
3.4238181818181816;5.2859181818181815;LAGUNE EBRIE;11;837
3.444981818181818;5.286554545454545;LAGUNE EBRIE;11;838
3.4533181818181817;5.2887818181818185;LAGUNE EBRIE;11;839
3.4527636363636365;5.283781818181819;LAGUNE EBRIE;11;840
3.4549818181818184;5.2793363636363635;LAGUNE EBRIE;11;841
3.4561;5.282663636363637;LAGUNE EBRIE;11;842
3.4555363636363636;5.286554545454545;LAGUNE EBRIE;11;843
3.4566545454545454;5.289336363636363;LAGUNE EBRIE;11;844
3.463318181818182;5.286554545454545;LAGUNE EBRIE;11;845
3.467209090909091;5.289336363636363;LAGUNE EBRIE;11;846
3.467209090909091;5.286;LAGUNE EBRIE;11;847
3.4711;5.283218181818182;LAGUNE EBRIE;11;848
3.4733272727272726;5.282663636363637;LAGUNE EBRIE;11;849
3.482218181818182;5.283781818181819;LAGUNE EBRIE;11;850
3.486109090909091;5.278772727272727;LAGUNE EBRIE;11;851
3.4922181818181817;5.279890909090909;LAGUNE EBRIE;11;852
3.5005545454545453;5.276;LAGUNE EBRIE;11;853
3.503890909090909;5.278772727272727;LAGUNE EBRIE;11;854
3.5143181818181817;5.281854545454546;LAGUNE EBRIE;11;855
3.5144636363636366;5.284490909090909;LAGUNE EBRIE;11;856
3.5181272727272725;5.2858;LAGUNE EBRIE;11;857
3.5239818181818183;5.284781818181818;LAGUNE EBRIE;11;858
3.531881818181818;5.291290909090909;LAGUNE EBRIE;11;859
3.5426454545454544;5.295463636363636;LAGUNE EBRIE;11;860
3.545427272727273;5.288654545454546;LAGUNE EBRIE;11;861
3.551718181818182;5.284563636363637;LAGUNE EBRIE;11;862
3.5556545454545456;5.285781818181818;LAGUNE EBRIE;11;863
3.5477545454545454;5.304054545454545;LAGUNE EBRIE;11;864
3.545272727272727;5.306381818181818;LAGUNE EBRIE;11;865
3.5395636363636362;5.306381818181818;LAGUNE EBRIE;11;866
3.5353909090909093;5.303754545454545;LAGUNE EBRIE;11;867
3.5306727272727274;5.3009;LAGUNE EBRIE;11;868
3.5314363636363635;5.296254545454546;LAGUNE EBRIE;11;869
3.5292454545454546;5.296254545454546;LAGUNE EBRIE;11;870
3.528809090909091;5.2916454545454545;LAGUNE EBRIE;11;871
3.5262363636363636;5.292663636363637;LAGUNE EBRIE;11;872
3.525781818181818;5.294945454545455;LAGUNE EBRIE;11;873
3.521781818181818;5.296409090909091;LAGUNE EBRIE;11;874
3.5224;5.297836363636364;LAGUNE EBRIE;11;875
3.522490909090909;5.3004727272727274;LAGUNE EBRIE;11;876
3.524672727272727;5.301518181818182;LAGUNE EBRIE;11;877
3.5224363636363636;5.306381818181818;LAGUNE EBRIE;11;878
3.5248545454545455;5.310772727272727;LAGUNE EBRIE;11;879
3.5202454545454547;5.314945454545454;LAGUNE EBRIE;11;880
3.512009090909091;5.320763636363637;LAGUNE EBRIE;11;881
3.5080545454545455;5.322854545454545;LAGUNE EBRIE;11;882
3.513981818181818;5.329654545454545;LAGUNE EBRIE;11;883
3.523318181818182;5.333390909090909;LAGUNE EBRIE;11;884
3.5285818181818183;5.334818181818182;LAGUNE EBRIE;11;885
3.5358272727272726;5.336027272727272;LAGUNE EBRIE;11;886
3.5410636363636363;5.3386818181818185;LAGUNE EBRIE;11;887
3.5444636363636364;5.338790909090909;LAGUNE EBRIE;11;888
3.546772727272727;5.332754545454545;LAGUNE EBRIE;11;889
3.547318181818182;5.3292363636363635;LAGUNE EBRIE;11;890
3.5512727272727274;5.331872727272727;LAGUNE EBRIE;11;891
3.5561;5.3281363636363634;LAGUNE EBRIE;11;892
3.5630636363636365;5.333363636363637;LAGUNE EBRIE;11;893
3.5650454545454546;5.336;LAGUNE EBRIE;11;894
3.570972727272727;5.335345454545455;LAGUNE EBRIE;11;895
3.569818181818182;5.331227272727273;LAGUNE EBRIE;11;896
3.5736090909090907;5.330736363636364;LAGUNE EBRIE;11;897
3.575418181818182;5.331718181818182;LAGUNE EBRIE;11;898
3.5803545454545453;5.328918181818182;LAGUNE EBRIE;11;899
3.586618181818182;5.321845454545454;LAGUNE EBRIE;11;900
3.5869454545454547;5.326945454545455;LAGUNE EBRIE;11;901
3.5825;5.330236363636364;LAGUNE EBRIE;11;902
3.5833181818181816;5.333036363636364;LAGUNE EBRIE;11;903
3.592872727272727;5.332872727272727;LAGUNE EBRIE;11;904
3.595172727272727;5.335181818181818;LAGUNE EBRIE;11;905
3.598309090909091;5.329254545454545;LAGUNE EBRIE;11;906
3.6072;5.3305727272727275;LAGUNE EBRIE;11;907
3.6070363636363636;5.320027272727272;LAGUNE EBRIE;11;908
3.6040727272727273;5.320527272727273;LAGUNE EBRIE;11;909
3.596990909090909;5.318545454545455;LAGUNE EBRIE;11;910
3.5938636363636363;5.313936363636364;LAGUNE EBRIE;11;911
3.591681818181818;5.3037909090909094;LAGUNE EBRIE;11;912
3.588590909090909;5.2976363636363635;LAGUNE EBRIE;11;913
3.581672727272727;5.294836363636364;LAGUNE EBRIE;11;914
3.5717909090909092;5.295490909090909;LAGUNE EBRIE;11;915
3.5714636363636365;5.297472727272727;LAGUNE EBRIE;11;916
3.575418181818182;5.297309090909091;LAGUNE EBRIE;11;917
3.5747545454545455;5.294509090909091;LAGUNE EBRIE;11;918
3.5727818181818183;5.291709090909091;LAGUNE EBRIE;11;919
3.5716272727272727;5.287590909090909;LAGUNE EBRIE;11;920
3.5657;5.283636363636363;LAGUNE EBRIE;11;921
3.5556545454545456;5.285781818181818;LAGUNE EBRIE;11;922
3.5630636363636365;5.283972727272728;LAGUNE EBRIE;11;923
3.5637363636363637;5.279890909090909;LAGUNE EBRIE;11;924
3.569581818181818;5.278490909090909;LAGUNE EBRIE;11;925
3.575018181818182;5.283927272727273;LAGUNE EBRIE;11;926
3.5777363636363635;5.283681818181818;LAGUNE EBRIE;11;927
3.5819363636363635;5.279727272727273;LAGUNE EBRIE;11;928
3.6024363636363637;5.2831909090909095;LAGUNE EBRIE;11;929
3.599718181818182;5.285163636363636;LAGUNE EBRIE;11;930
3.5893454545454544;5.280227272727273;LAGUNE EBRIE;11;931
3.5809454545454544;5.285909090909091;LAGUNE EBRIE;11;932
3.5809454545454544;5.286890909090909;LAGUNE EBRIE;11;933
3.583172727272727;5.2896090909090905;LAGUNE EBRIE;11;934
3.587618181818182;5.289118181818182;LAGUNE EBRIE;11;935
3.5924;5.290272727272727;LAGUNE EBRIE;11;936
3.597;5.297018181818181;LAGUNE EBRIE;11;937
3.6019363636363635;5.2982545454545455;LAGUNE EBRIE;11;938
3.6051545454545453;5.2948;LAGUNE EBRIE;11;939
3.6088545454545455;5.290845454545455;LAGUNE EBRIE;11;940
3.6177454545454544;5.285909090909091;LAGUNE EBRIE;11;941
3.6150272727272728;5.2948;LAGUNE EBRIE;11;942
3.612318181818182;5.300727272727273;LAGUNE EBRIE;11;943
3.6098454545454546;5.303936363636364;LAGUNE EBRIE;11;944
3.6061363636363635;5.304181818181818;LAGUNE EBRIE;11;945
3.6054;5.310109090909091;LAGUNE EBRIE;11;946
3.6100909090909092;5.310109090909091;LAGUNE EBRIE;11;947
3.6130545454545455;5.313318181818182;LAGUNE EBRIE;11;948
3.618981818181818;5.3111;LAGUNE EBRIE;11;949
3.627136363636364;5.3106;LAGUNE EBRIE;11;950
3.630472727272727;5.3141;LAGUNE EBRIE;11;951
3.6364;5.3150818181818185;LAGUNE EBRIE;11;952
3.6418363636363638;5.3160727272727275;LAGUNE EBRIE;11;953
3.6440636363636365;5.318545454545455;LAGUNE EBRIE;11;954
3.6472727272727274;5.3192818181818184;LAGUNE EBRIE;11;955
3.6512272727272728;5.318790909090909;LAGUNE EBRIE;11;956
3.6546818181818184;5.316818181818181;LAGUNE EBRIE;11;957
3.6620909090909093;5.321009090909091;LAGUNE EBRIE;11;958
3.6687636363636362;5.320027272727272;LAGUNE EBRIE;11;959
3.6739454545454544;5.318545454545455;LAGUNE EBRIE;11;960
3.6779;5.315827272727272;LAGUNE EBRIE;11;961
3.678390909090909;5.314836363636363;LAGUNE EBRIE;11;962
3.6771545454545453;5.313854545454546;LAGUNE EBRIE;11;963
3.6739454545454544;5.313854545454546;LAGUNE EBRIE;11;964
3.671227272727273;5.3141;LAGUNE EBRIE;11;965
3.668018181818182;5.3136;LAGUNE EBRIE;11;966
3.6655454545454544;5.3136;LAGUNE EBRIE;11;967
3.664809090909091;5.312863636363637;LAGUNE EBRIE;11;968
3.6660454545454546;5.311381818181818;LAGUNE EBRIE;11;969
3.6687636363636362;5.3118727272727275;LAGUNE EBRIE;11;970
3.6796272727272727;5.3118727272727275;LAGUNE EBRIE;11;971
3.6791363636363634;5.310890909090909;LAGUNE EBRIE;11;972
3.6771545454545453;5.309654545454546;LAGUNE EBRIE;11;973
3.6717272727272725;5.3099;LAGUNE EBRIE;11;974
3.6739454545454544;5.308663636363637;LAGUNE EBRIE;11;975
3.6702454545454546;5.306690909090909;LAGUNE EBRIE;11;976
3.668018181818182;5.305454545454546;LAGUNE EBRIE;11;977
3.6695;5.303727272727273;LAGUNE EBRIE;11;978
3.6707363636363635;5.3042181818181815;LAGUNE EBRIE;11;979
3.673209090909091;5.301745454545455;LAGUNE EBRIE;11;980
3.673209090909091;5.3052090909090905;LAGUNE EBRIE;11;981
3.676909090909091;5.306436363636363;LAGUNE EBRIE;11;982
3.680618181818182;5.309654545454546;LAGUNE EBRIE;11;983
3.6828363636363637;5.311136363636364;LAGUNE EBRIE;11;984
3.6860545454545455;5.310390909090909;LAGUNE EBRIE;11;985
3.6913181818181817;5.309145454545455;LAGUNE EBRIE;11;986
3.691309090909091;5.306927272727273;LAGUNE EBRIE;11;987
3.691309090909091;5.3056909090909095;LAGUNE EBRIE;11;988
3.6855545454545453;5.303472727272728;LAGUNE EBRIE;11;989
3.6821;5.3015;LAGUNE EBRIE;11;990
3.681109090909091;5.300763636363636;LAGUNE EBRIE;11;991
3.6796272727272727;5.296309090909091;LAGUNE EBRIE;11;992
3.681109090909091;5.293845454545455;LAGUNE EBRIE;11;993
3.6821;5.2958181818181815;LAGUNE EBRIE;11;994
3.6828363636363637;5.2990272727272725;LAGUNE EBRIE;11;995
3.683581818181818;5.3000181818181815;LAGUNE EBRIE;11;996
3.6850636363636364;5.3000181818181815;LAGUNE EBRIE;11;997
3.6912818181818183;5.296790909090909;LAGUNE EBRIE;11;998
3.6913;5.302981818181818;LAGUNE EBRIE;11;999
3.6913272727272726;5.313109090909091;LAGUNE EBRIE;11;1000
3.6913636363636364;5.324963636363637;LAGUNE EBRIE;11;1001
3.6888727272727273;5.3262;LAGUNE EBRIE;11;1002
3.689209090909091;5.327627272727272;LAGUNE EBRIE;11;1003
3.688218181818182;5.328509090909091;LAGUNE EBRIE;11;1004
3.688218181818182;5.329490909090909;LAGUNE EBRIE;11;1005
3.689209090909091;5.330263636363636;LAGUNE EBRIE;11;1006
3.691381818181818;5.332345454545455;LAGUNE EBRIE;11;1007
3.687336363636364;5.335090909090909;LAGUNE EBRIE;11;1008
3.689318181818182;5.337945454545454;LAGUNE EBRIE;11;1009
3.6888727272727273;5.340254545454545;LAGUNE EBRIE;11;1010
3.691409090909091;5.3405818181818185;LAGUNE EBRIE;11;1011
3.691418181818182;5.343981818181819;LAGUNE EBRIE;11;1012
3.6888727272727273;5.3446454545454545;LAGUNE EBRIE;11;1013
3.687781818181818;5.3437636363636365;LAGUNE EBRIE;11;1014
3.6875636363636364;5.341681818181818;LAGUNE EBRIE;11;1015
3.6869;5.339918181818182;LAGUNE EBRIE;11;1016
3.6854727272727272;5.3372909090909095;LAGUNE EBRIE;11;1017
3.6851454545454545;5.334763636363636;LAGUNE EBRIE;11;1018
3.6863545454545457;5.333554545454546;LAGUNE EBRIE;11;1019
3.6866818181818184;5.332345454545455;LAGUNE EBRIE;11;1020
3.6861363636363635;5.3307;LAGUNE EBRIE;11;1021
3.6858;5.328281818181818;LAGUNE EBRIE;11;1022
3.6851454545454545;5.327409090909091;LAGUNE EBRIE;11;1023
3.6841545454545455;5.327518181818181;LAGUNE EBRIE;11;1024
3.682072727272727;5.327518181818181;LAGUNE EBRIE;11;1025
3.681518181818182;5.327518181818181;LAGUNE EBRIE;11;1026
3.680209090909091;5.328172727272727;LAGUNE EBRIE;11;1027
3.6794363636363636;5.329272727272727;LAGUNE EBRIE;11;1028
3.678781818181818;5.330263636363636;LAGUNE EBRIE;11;1029
3.6784454545454546;5.3307;LAGUNE EBRIE;11;1030
3.6775727272727274;5.332236363636364;LAGUNE EBRIE;11;1031
3.678227272727273;5.333009090909091;LAGUNE EBRIE;11;1032
3.680209090909091;5.333554545454546;LAGUNE EBRIE;11;1033
3.6817454545454544;5.3341;LAGUNE EBRIE;11;1034
3.681636363636364;5.334981818181818;LAGUNE EBRIE;11;1035
3.6794363636363636;5.3352;LAGUNE EBRIE;11;1036
3.6763636363636363;5.335309090909091;LAGUNE EBRIE;11;1037
3.675818181818182;5.333336363636364;LAGUNE EBRIE;11;1038
3.675818181818182;5.332127272727273;LAGUNE EBRIE;11;1039
3.6751545454545456;5.3310272727272725;LAGUNE EBRIE;11;1040
3.674390909090909;5.330809090909091;LAGUNE EBRIE;11;1041
3.6727363636363637;5.330590909090909;LAGUNE EBRIE;11;1042
3.6714272727272728;5.330263636363636;LAGUNE EBRIE;11;1043
3.6702181818181816;5.331245454545455;LAGUNE EBRIE;11;1044
3.6684545454545456;5.332236363636364;LAGUNE EBRIE;11;1045
3.667909090909091;5.333663636363636;LAGUNE EBRIE;11;1046
3.667909090909091;5.334981818181818;LAGUNE EBRIE;11;1047
3.6689;5.336190909090909;LAGUNE EBRIE;11;1048
3.6692272727272726;5.337836363636364;LAGUNE EBRIE;11;1049
3.6696636363636363;5.339481818181818;LAGUNE EBRIE;11;1050
3.6696636363636363;5.340145454545454;LAGUNE EBRIE;11;1051
3.6684545454545456;5.341345454545454;LAGUNE EBRIE;11;1052
3.6673636363636364;5.342445454545454;LAGUNE EBRIE;11;1053
3.6663727272727273;5.343109090909091;LAGUNE EBRIE;11;1054
3.665163636363636;5.3442;LAGUNE EBRIE;11;1055
3.6646181818181818;5.344863636363637;LAGUNE EBRIE;11;1056
3.664181818181818;5.345963636363637;LAGUNE EBRIE;11;1057
3.664727272727273;5.347827272727272;LAGUNE EBRIE;11;1058
3.6674727272727274;5.349690909090909;LAGUNE EBRIE;11;1059
3.6682363636363635;5.3509;LAGUNE EBRIE;11;1060
3.6683454545454546;5.352436363636364;LAGUNE EBRIE;11;1061
3.6689;5.353536363636364;LAGUNE EBRIE;11;1062
3.6682363636363635;5.356172727272727;LAGUNE EBRIE;11;1063
3.667690909090909;5.356718181818182;LAGUNE EBRIE;11;1064
3.6667;5.354854545454545;LAGUNE EBRIE;11;1065
3.665718181818182;5.353090909090909;LAGUNE EBRIE;11;1066
3.664181818181818;5.351672727272727;LAGUNE EBRIE;11;1067
3.6625272727272726;5.3498;LAGUNE EBRIE;11;1068
3.661209090909091;5.349036363636364;LAGUNE EBRIE;11;1069
3.6615454545454544;5.346618181818182;LAGUNE EBRIE;11;1070
3.6619818181818182;5.343327272727273;LAGUNE EBRIE;11;1071
3.6627545454545456;5.3414636363636365;LAGUNE EBRIE;11;1072
3.664727272727273;5.340690909090909;LAGUNE EBRIE;11;1073
3.6645090909090907;5.339372727272727;LAGUNE EBRIE;11;1074
3.6635181818181817;5.337836363636364;LAGUNE EBRIE;11;1075
3.6625272727272726;5.336518181818182;LAGUNE EBRIE;11;1076
3.6622;5.335527272727273;LAGUNE EBRIE;11;1077
3.6552272727272728;5.341236363636364;LAGUNE EBRIE;11;1078
3.6515272727272725;5.343090909090909;LAGUNE EBRIE;11;1079
3.6470818181818183;5.3468;LAGUNE EBRIE;11;1080
3.6459727272727274;5.349018181818182;LAGUNE EBRIE;11;1081
3.6456;5.351245454545454;LAGUNE EBRIE;11;1082
3.6452272727272725;5.353463636363636;LAGUNE EBRIE;11;1083
3.6418909090909093;5.357172727272728;LAGUNE EBRIE;11;1084
3.6448545454545456;5.358654545454545;LAGUNE EBRIE;11;1085
3.646709090909091;5.357909090909091;LAGUNE EBRIE;11;1086
3.6463363636363635;5.359390909090909;LAGUNE EBRIE;11;1087
3.644118181818182;5.361618181818182;LAGUNE EBRIE;11;1088
3.6463363636363635;5.3631;LAGUNE EBRIE;11;1089
3.647818181818182;5.3668;LAGUNE EBRIE;11;1090
3.653009090909091;5.367545454545454;LAGUNE EBRIE;11;1091
3.6522636363636365;5.369763636363636;LAGUNE EBRIE;11;1092
3.650418181818182;5.370509090909091;LAGUNE EBRIE;11;1093
3.6474545454545453;5.3719909090909095;LAGUNE EBRIE;11;1094
3.6448545454545456;5.3731;LAGUNE EBRIE;11;1095
3.6411545454545453;5.3723636363636365;LAGUNE EBRIE;11;1096
3.6393;5.3719909090909095;LAGUNE EBRIE;11;1097
3.638190909090909;5.372727272727273;LAGUNE EBRIE;11;1098
3.636709090909091;5.374581818181818;LAGUNE EBRIE;11;1099
3.6344818181818184;5.374218181818182;LAGUNE EBRIE;11;1100
3.6333727272727274;5.3731;LAGUNE EBRIE;11;1101
3.634109090909091;5.371618181818182;LAGUNE EBRIE;11;1102
3.636709090909091;5.3694;LAGUNE EBRIE;11;1103
3.6370727272727272;5.368281818181818;LAGUNE EBRIE;11;1104
3.6370727272727272;5.367545454545454;LAGUNE EBRIE;11;1105
3.6370727272727272;5.3668;LAGUNE EBRIE;11;1106
3.6348545454545453;5.367545454545454;LAGUNE EBRIE;11;1107
3.6333727272727274;5.365690909090909;LAGUNE EBRIE;11;1108
3.6333727272727274;5.362354545454545;LAGUNE EBRIE;11;1109
3.6333727272727274;5.357909090909091;LAGUNE EBRIE;11;1110
3.6344818181818184;5.355690909090909;LAGUNE EBRIE;11;1111
3.6344818181818184;5.355318181818181;LAGUNE EBRIE;11;1112
3.6311454545454547;5.357172727272728;LAGUNE EBRIE;11;1113
3.628927272727273;5.359390909090909;LAGUNE EBRIE;11;1114
3.6293;5.355690909090909;LAGUNE EBRIE;11;1115
3.6352272727272728;5.353463636363636;LAGUNE EBRIE;11;1116
3.6389272727272726;5.350872727272727;LAGUNE EBRIE;11;1117
3.636709090909091;5.349018181818182;LAGUNE EBRIE;11;1118
3.6348545454545453;5.349018181818182;LAGUNE EBRIE;11;1119
3.630781818181818;5.3468;LAGUNE EBRIE;11;1120
3.628927272727273;5.346054545454545;LAGUNE EBRIE;11;1121
3.6267;5.344572727272728;LAGUNE EBRIE;11;1122
3.6241090909090907;5.3442;LAGUNE EBRIE;11;1123
3.621518181818182;5.344572727272728;LAGUNE EBRIE;11;1124
3.618181818181818;5.346427272727273;LAGUNE EBRIE;11;1125
3.6174909090909093;5.343554545454546;LAGUNE EBRIE;11;1126
3.6147545454545456;5.345972727272727;LAGUNE EBRIE;11;1127
3.612881818181818;5.348063636363636;LAGUNE EBRIE;11;1128
3.6124454545454547;5.351463636363636;LAGUNE EBRIE;11;1129
3.6124454545454547;5.353436363636364;LAGUNE EBRIE;11;1130
3.6123363636363637;5.356509090909091;LAGUNE EBRIE;11;1131
3.6115636363636363;5.358272727272727;LAGUNE EBRIE;11;1132
3.6118727272727273;5.3629;LAGUNE EBRIE;11;1133
3.6086272727272726;5.360263636363636;LAGUNE EBRIE;11;1134
3.6071;5.3574909090909095;LAGUNE EBRIE;11;1135
3.6066818181818183;5.356227272727272;LAGUNE EBRIE;11;1136
3.6038272727272727;5.3583727272727275;LAGUNE EBRIE;11;1137
3.6027636363636364;5.357181818181818;LAGUNE EBRIE;11;1138
3.6077636363636363;5.352181818181818;LAGUNE EBRIE;11;1139
3.6107454545454547;5.349572727272728;LAGUNE EBRIE;11;1140
3.610190909090909;5.347572727272727;LAGUNE EBRIE;11;1141
3.610072727272727;5.346481818181818;LAGUNE EBRIE;11;1142
3.6103;5.344690909090909;LAGUNE EBRIE;11;1143
3.610390909090909;5.344;LAGUNE EBRIE;11;1144
3.6087363636363636;5.342018181818182;LAGUNE EBRIE;11;1145
3.6071;5.3423181818181815;LAGUNE EBRIE;11;1146
3.6062454545454545;5.342636363636363;LAGUNE EBRIE;11;1147
3.6055727272727274;5.342890909090909;LAGUNE EBRIE;11;1148
3.6037181818181816;5.341036363636364;LAGUNE EBRIE;11;1149
3.5991181818181817;5.341036363636364;LAGUNE EBRIE;11;1150
3.5952;5.342890909090909;LAGUNE EBRIE;11;1151
3.5944545454545453;5.340663636363637;LAGUNE EBRIE;11;1152
3.5922363636363634;5.339927272727273;LAGUNE EBRIE;11;1153
3.588318181818182;5.339118181818182;LAGUNE EBRIE;11;1154
3.584081818181818;5.338818181818182;LAGUNE EBRIE;11;1155
3.5803727272727275;5.341036363636364;LAGUNE EBRIE;11;1156
3.5756636363636365;5.3419727272727275;LAGUNE EBRIE;11;1157
3.5729636363636366;5.342145454545455;LAGUNE EBRIE;11;1158
3.5733363636363635;5.345109090909091;LAGUNE EBRIE;11;1159
3.5704727272727275;5.3489272727272725;LAGUNE EBRIE;11;1160
3.5696363636363637;5.349554545454546;LAGUNE EBRIE;11;1161
3.565190909090909;5.347709090909091;LAGUNE EBRIE;11;1162
3.564909090909091;5.346745454545455;LAGUNE EBRIE;11;1163
3.5644454545454547;5.345109090909091;LAGUNE EBRIE;11;1164
3.5566636363636364;5.345854545454546;LAGUNE EBRIE;11;1165
3.5566636363636364;5.344745454545454;LAGUNE EBRIE;11;1166
3.552590909090909;5.342518181818182;LAGUNE EBRIE;11;1167
3.551018181818182;5.346027272727273;LAGUNE EBRIE;11;1168
3.5497545454545456;5.350872727272727;LAGUNE EBRIE;11;1169
3.5503636363636364;5.3536363636363635;LAGUNE EBRIE;11;1170
3.5492545454545454;5.354745454545455;LAGUNE EBRIE;11;1171
3.5481454545454545;5.3536363636363635;LAGUNE EBRIE;11;1172
3.547772727272727;5.349190909090909;LAGUNE EBRIE;11;1173
3.545181818181818;5.346590909090909;LAGUNE EBRIE;11;1174
3.5429545454545455;5.344;LAGUNE EBRIE;11;1175
3.541472727272727;5.342518181818182;LAGUNE EBRIE;11;1176
3.5380818181818183;5.341636363636364;LAGUNE EBRIE;11;1177
3.5335454545454548;5.342145454545455;LAGUNE EBRIE;11;1178
3.529809090909091;5.343818181818182;LAGUNE EBRIE;11;1179
3.5262818181818183;5.347336363636364;LAGUNE EBRIE;11;1180
3.524390909090909;5.349981818181818;LAGUNE EBRIE;11;1181
3.522581818181818;5.352518181818182;LAGUNE EBRIE;11;1182
3.5240636363636364;5.3554818181818185;LAGUNE EBRIE;11;1183
3.5211;5.355118181818182;LAGUNE EBRIE;11;1184
3.5207272727272727;5.356963636363636;LAGUNE EBRIE;11;1185
3.5211;5.361418181818181;LAGUNE EBRIE;11;1186
3.520436363636364;5.361745454545455;LAGUNE EBRIE;11;1187
3.5187181818181816;5.3562;LAGUNE EBRIE;11;1188
3.5188727272727274;5.351063636363636;LAGUNE EBRIE;11;1189
3.5203363636363636;5.346818181818182;LAGUNE EBRIE;11;1190
3.5252636363636363;5.3417;LAGUNE EBRIE;11;1191
3.5252090909090907;5.3376090909090905;LAGUNE EBRIE;11;1192
3.5201545454545453;5.333990909090909;LAGUNE EBRIE;11;1193
3.515;5.333;LAGUNE EBRIE;11;1194
3.510390909090909;5.336072727272727;LAGUNE EBRIE;11;1195
3.5065454545454546;5.340463636363636;LAGUNE EBRIE;11;1196
3.5072;5.345736363636363;LAGUNE EBRIE;11;1197
3.5054454545454545;5.348254545454545;LAGUNE EBRIE;11;1198
3.5034727272727273;5.354409090909091;LAGUNE EBRIE;11;1199
3.504681818181818;5.356481818181818;LAGUNE EBRIE;11;1200
3.4949636363636363;5.3662;LAGUNE EBRIE;11;1201
3.4931545454545456;5.369990909090909;LAGUNE EBRIE;11;1202
3.493981818181818;5.3742636363636365;LAGUNE EBRIE;11;1203
3.4931545454545456;5.379863636363637;LAGUNE EBRIE;11;1204
3.4893727272727273;5.383981818181818;LAGUNE EBRIE;11;1205
3.4888090909090907;5.376036363636364;LAGUNE EBRIE;11;1206
3.4890363636363637;5.3662;LAGUNE EBRIE;11;1207
3.4964454545454546;5.357636363636364;LAGUNE EBRIE;11;1208
3.4966181818181816;5.354345454545455;LAGUNE EBRIE;11;1209
3.499909090909091;5.3471;LAGUNE EBRIE;11;1210
3.504681818181818;5.334581818181818;LAGUNE EBRIE;11;1211
3.503527272727273;5.332118181818182;LAGUNE EBRIE;11;1212
3.4976;5.328490909090909;LAGUNE EBRIE;11;1213
3.494309090909091;5.327009090909091;LAGUNE EBRIE;11;1214
3.494309090909091;5.324209090909091;LAGUNE EBRIE;11;1215
3.4869;5.323881818181818;LAGUNE EBRIE;11;1216
3.4867363636363637;5.325527272727273;LAGUNE EBRIE;11;1217
3.483609090909091;5.328327272727273;LAGUNE EBRIE;11;1218
3.4813;5.328654545454546;LAGUNE EBRIE;11;1219
3.4806454545454546;5.326518181818182;LAGUNE EBRIE;11;1220
3.478009090909091;5.328163636363636;LAGUNE EBRIE;11;1221
3.4755363636363636;5.329318181818182;LAGUNE EBRIE;11;1222
3.4715818181818183;5.328327272727273;LAGUNE EBRIE;11;1223
3.4694454545454545;5.329481818181818;LAGUNE EBRIE;11;1224
3.466809090909091;5.330963636363636;LAGUNE EBRIE;11;1225
3.465818181818182;5.333763636363637;LAGUNE EBRIE;11;1226
3.464672727272727;5.335409090909091;LAGUNE EBRIE;11;1227
3.462527272727273;5.334581818181818;LAGUNE EBRIE;11;1228
3.4600545454545455;5.3357363636363635;LAGUNE EBRIE;11;1229
3.457581818181818;5.333218181818181;LAGUNE EBRIE;11;1230
3.4597272727272728;5.330136363636363;LAGUNE EBRIE;11;1231
3.4633545454545454;5.329645454545455;LAGUNE EBRIE;11;1232
3.464672727272727;5.327836363636363;LAGUNE EBRIE;11;1233
3.4597272727272728;5.3247;LAGUNE EBRIE;11;1234
3.4590727272727273;5.322890909090909;LAGUNE EBRIE;11;1235
3.461209090909091;5.3224;LAGUNE EBRIE;11;1236
3.4638454545454547;5.323554545454545;LAGUNE EBRIE;11;1237
3.465818181818182;5.322236363636364;LAGUNE EBRIE;11;1238
3.4643363636363635;5.321572727272727;LAGUNE EBRIE;11;1239
3.4623636363636363;5.3207545454545455;LAGUNE EBRIE;11;1240
3.458572727272727;5.3197636363636365;LAGUNE EBRIE;11;1241
3.4503454545454546;5.3197636363636365;LAGUNE EBRIE;11;1242
3.443918181818182;5.323218181818182;LAGUNE EBRIE;11;1243
3.4403;5.326845454545454;LAGUNE EBRIE;11;1244
3.439309090909091;5.328818181818182;LAGUNE EBRIE;11;1245
3.4363454545454544;5.3303;LAGUNE EBRIE;11;1246
3.432390909090909;5.330136363636363;LAGUNE EBRIE;11;1247
3.430090909090909;5.327172727272727;LAGUNE EBRIE;11;1248
3.4276181818181817;5.326354545454546;LAGUNE EBRIE;11;1249
3.424818181818182;5.326018181818182;LAGUNE EBRIE;11;1250
3.4218545454545453;5.327009090909091;LAGUNE EBRIE;11;1251
3.4190545454545456;5.328818181818182;LAGUNE EBRIE;11;1252
3.4167545454545456;5.329645454545455;LAGUNE EBRIE;11;1253
3.416418181818182;5.330636363636364;LAGUNE EBRIE;11;1254
3.4144454545454543;5.331781818181819;LAGUNE EBRIE;11;1255
3.4144454545454543;5.3336;LAGUNE EBRIE;11;1256
3.4116454545454546;5.334254545454545;LAGUNE EBRIE;11;1257
3.41;5.336390909090909;LAGUNE EBRIE;11;1258
3.4093454545454547;5.338209090909091;LAGUNE EBRIE;11;1259
3.411481818181818;5.339363636363636;LAGUNE EBRIE;11;1260
3.411318181818182;5.340509090909091;LAGUNE EBRIE;11;1261
3.4088454545454545;5.341172727272728;LAGUNE EBRIE;11;1262
3.409009090909091;5.344627272727273;LAGUNE EBRIE;11;1263
3.4096727272727274;5.3475909090909095;LAGUNE EBRIE;11;1264
3.4108272727272726;5.346772727272727;LAGUNE EBRIE;11;1265
3.4093454545454547;5.348745454545455;LAGUNE EBRIE;11;1266
3.408518181818182;5.353518181818182;LAGUNE EBRIE;11;1267
3.4083545454545456;5.356809090909091;LAGUNE EBRIE;11;1268
3.4083545454545456;5.356809090909091;LAGUNE EBRIE;11;1269
3.4063818181818184;5.3569818181818185;LAGUNE EBRIE;11;1270
3.4035818181818183;5.357472727272727;LAGUNE EBRIE;11;1271
3.4017636363636363;5.356318181818182;LAGUNE EBRIE;11;1272
3.4027545454545454;5.353190909090909;LAGUNE EBRIE;11;1273
3.403081818181818;5.348745454545455;LAGUNE EBRIE;11;1274
3.4009454545454547;5.345118181818182;LAGUNE EBRIE;11;1275
3.4034181818181817;5.344954545454545;LAGUNE EBRIE;11;1276
3.4034181818181817;5.343472727272728;LAGUNE EBRIE;11;1277
3.400618181818182;5.341827272727273;LAGUNE EBRIE;11;1278
3.4012727272727274;5.340345454545455;LAGUNE EBRIE;11;1279
3.400618181818182;5.338209090909091;LAGUNE EBRIE;11;1280
3.4027545454545454;5.337872727272727;LAGUNE EBRIE;11;1281
3.4017636363636363;5.3359;LAGUNE EBRIE;11;1282
3.403909090909091;5.333427272727273;LAGUNE EBRIE;11;1283
3.4058818181818182;5.330463636363636;LAGUNE EBRIE;11;1284
3.4078636363636363;5.3303;LAGUNE EBRIE;11;1285
3.409590909090909;5.328054545454545;LAGUNE EBRIE;11;1286
3.4098363636363636;5.326354545454546;LAGUNE EBRIE;11;1287
3.4086818181818184;5.325036363636364;LAGUNE EBRIE;11;1288
3.4057181818181816;5.325363636363637;LAGUNE EBRIE;11;1289
3.3994636363636364;5.3275;LAGUNE EBRIE;11;1290
3.3978727272727274;5.3291818181818185;LAGUNE EBRIE;11;1291
3.3965;5.330636363636364;LAGUNE EBRIE;11;1292
3.3909;5.329645454545455;LAGUNE EBRIE;11;1293
3.386290909090909;5.329972727272727;LAGUNE EBRIE;11;1294
3.3863545454545454;5.3299;LAGUNE EBRIE;11;1295
3.382018181818182;5.266290909090909;ILE BOULEY;12;1296
3.387081818181818;5.267036363636364;ILE BOULEY;12;1297
3.388318181818182;5.269018181818182;ILE BOULEY;12;1298
3.388318181818182;5.272472727272727;ILE BOULEY;12;1299
3.390290909090909;5.2732090909090905;ILE BOULEY;12;1300
3.393009090909091;5.272227272727273;ILE BOULEY;12;1301
3.396709090909091;5.267281818181818;ILE BOULEY;12;1302
3.3984454545454543;5.263827272727273;ILE BOULEY;12;1303
3.398690909090909;5.260618181818182;ILE BOULEY;12;1304
3.398690909090909;5.257654545454545;ILE BOULEY;12;1305
3.3969636363636364;5.254690909090909;ILE BOULEY;12;1306
3.3957272727272727;5.2537;ILE BOULEY;12;1307
3.394;5.255672727272727;ILE BOULEY;12;1308
3.3920181818181816;5.257154545454545;ILE BOULEY;12;1309
3.391036363636364;5.259381818181819;ILE BOULEY;12;1310
3.3905363636363637;5.260863636363636;ILE BOULEY;12;1311
3.3898;5.2616;ILE BOULEY;12;1312
3.3885636363636364;5.262590909090909;ILE BOULEY;12;1313
3.382018181818182;5.2638181818181815;ILE BOULEY;12;1314
3.382018181818182;5.265545454545455;ILE BOULEY;12;1315
3.382018181818182;5.265545454545455;ILE BOULEY;12;1316
3.382018181818182;5.266290909090909;ILE BOULEY;12;1317
3.4021454545454546;5.267781818181819;ILE BOULEY;12;1318
3.409309090909091;5.268272727272727;ILE BOULEY;12;1319
3.4100545454545457;5.271236363636364;ILE BOULEY;12;1320
3.4098;5.273463636363636;ILE BOULEY;12;1321
3.412518181818182;5.271236363636364;ILE BOULEY;12;1322
3.415481818181818;5.268763636363636;ILE BOULEY;12;1323
3.417709090909091;5.269018181818182;ILE BOULEY;12;1324
3.419436363636364;5.27;ILE BOULEY;12;1325
3.4182;5.273709090909091;ILE BOULEY;12;1326
3.4187;5.274690909090909;ILE BOULEY;12;1327
3.421909090909091;5.272963636363636;ILE BOULEY;12;1328
3.4231454545454545;5.270745454545454;ILE BOULEY;12;1329
3.4293181818181817;5.271727272727273;ILE BOULEY;12;1330
3.4293181818181817;5.277663636363636;ILE BOULEY;12;1331
3.432281818181818;5.280127272727273;ILE BOULEY;12;1332
3.4345;5.278154545454545;ILE BOULEY;12;1333
3.4357363636363636;5.2742;ILE BOULEY;12;1334
3.4377181818181817;5.2719818181818185;ILE BOULEY;12;1335
3.4406818181818184;5.2719818181818185;ILE BOULEY;12;1336
3.4426545454545456;5.272472727272727;ILE BOULEY;12;1337
3.4421636363636363;5.274690909090909;ILE BOULEY;12;1338
3.441663636363636;5.276427272727273;ILE BOULEY;12;1339
3.4434;5.2774090909090905;ILE BOULEY;12;1340
3.4441363636363636;5.278154545454545;ILE BOULEY;12;1341
3.446609090909091;5.276427272727273;ILE BOULEY;12;1342
3.449072727272727;5.272472727272727;ILE BOULEY;12;1343
3.4525363636363635;5.272718181818182;ILE BOULEY;12;1344
3.456981818181818;5.272718181818182;ILE BOULEY;12;1345
3.4619181818181817;5.272227272727273;ILE BOULEY;12;1346
3.4631545454545454;5.275681818181818;ILE BOULEY;12;1347
3.4651272727272726;5.276918181818182;ILE BOULEY;12;1348
3.469581818181818;5.276918181818182;ILE BOULEY;12;1349
3.4705636363636363;5.276427272727273;ILE BOULEY;12;1350
3.4745181818181816;5.276427272727273;ILE BOULEY;12;1351
3.476990909090909;5.275681818181818;ILE BOULEY;12;1352
3.476990909090909;5.272472727272727;ILE BOULEY;12;1353
3.4802;5.272227272727273;ILE BOULEY;12;1354
3.4777272727272726;5.270245454545455;ILE BOULEY;12;1355
3.4747636363636363;5.268763636363636;ILE BOULEY;12;1356
3.4720454545454547;5.270245454545455;ILE BOULEY;12;1357
3.469581818181818;5.270745454545454;ILE BOULEY;12;1358
3.4678454545454547;5.270745454545454;ILE BOULEY;12;1359
3.4671090909090907;5.272227272727273;ILE BOULEY;12;1360
3.4639;5.270245454545455;ILE BOULEY;12;1361
3.461181818181818;5.269018181818182;ILE BOULEY;12;1362
3.4609363636363635;5.2675363636363635;ILE BOULEY;12;1363
3.4577181818181817;5.267036363636364;ILE BOULEY;12;1364
3.4555;5.2667909090909095;ILE BOULEY;12;1365
3.454018181818182;5.2667909090909095;ILE BOULEY;12;1366
3.4503090909090908;5.2663;ILE BOULEY;12;1367
3.449072727272727;5.2658;ILE BOULEY;12;1368
3.447590909090909;5.267281818181818;ILE BOULEY;12;1369
3.4453727272727273;5.267036363636364;ILE BOULEY;12;1370
3.444381818181818;5.268027272727273;ILE BOULEY;12;1371
3.4419181818181817;5.2667909090909095;ILE BOULEY;12;1372
3.439690909090909;5.269018181818182;ILE BOULEY;12;1373
3.4379636363636363;5.268518181818182;ILE BOULEY;12;1374
3.4362363636363638;5.2667909090909095;ILE BOULEY;12;1375
3.4357363636363636;5.264318181818182;ILE BOULEY;12;1376
3.4337636363636364;5.265554545454545;ILE BOULEY;12;1377
3.432281818181818;5.2663;ILE BOULEY;12;1378
3.4308;5.2667909090909095;ILE BOULEY;12;1379
3.428827272727273;5.267036363636364;ILE BOULEY;12;1380
3.4268454545454547;5.267281818181818;ILE BOULEY;12;1381
3.424627272727273;5.267281818181818;ILE BOULEY;12;1382
3.421909090909091;5.267281818181818;ILE BOULEY;12;1383
3.4199272727272727;5.267281818181818;ILE BOULEY;12;1384
3.4187;5.267281818181818;ILE BOULEY;12;1385
3.4159818181818182;5.267281818181818;ILE BOULEY;12;1386
3.413509090909091;5.266545454545454;ILE BOULEY;12;1387
3.413018181818182;5.2663;ILE BOULEY;12;1388
3.4098;5.2663;ILE BOULEY;12;1389
3.4075818181818183;5.266054545454545;ILE BOULEY;12;1390
3.4021454545454546;5.267781818181819;ILE BOULEY;12;1391
3.6233545454545455;5.475136363636364;LAGUNE ADJIN;13;1392
3.6216;5.471618181818182;LAGUNE ADJIN;13;1393
3.620281818181818;5.473154545454546;LAGUNE ADJIN;13;1394
3.619181818181818;5.473154545454546;LAGUNE ADJIN;13;1395
3.6187454545454547;5.471509090909091;LAGUNE ADJIN;13;1396
3.618309090909091;5.470081818181818;LAGUNE ADJIN;13;1397
3.6178636363636363;5.4687636363636365;LAGUNE ADJIN;13;1398
3.6182;5.466681818181818;LAGUNE ADJIN;13;1399
3.6194;5.464818181818182;LAGUNE ADJIN;13;1400
3.6225363636363634;5.460609090909091;LAGUNE ADJIN;13;1401
3.624727272727273;5.459654545454545;LAGUNE ADJIN;13;1402
3.6255818181818182;5.458481818181818;LAGUNE ADJIN;13;1403
3.624118181818182;5.457027272727273;LAGUNE ADJIN;13;1404
3.6205;5.456627272727273;LAGUNE ADJIN;13;1405
3.6188363636363636;5.455081818181818;LAGUNE ADJIN;13;1406
3.6208545454545455;5.453181818181818;LAGUNE ADJIN;13;1407
3.6231181818181817;5.452345454545455;LAGUNE ADJIN;13;1408
3.6255818181818182;5.451445454545454;LAGUNE ADJIN;13;1409
3.629281818181818;5.4512;LAGUNE ADJIN;13;1410
3.6309272727272726;5.449881818181818;LAGUNE ADJIN;13;1411
3.6309272727272726;5.447581818181818;LAGUNE ADJIN;13;1412
3.6314818181818183;5.445163636363636;LAGUNE ADJIN;13;1413
3.6328;5.443736363636364;LAGUNE ADJIN;13;1414
3.633236363636364;5.445490909090909;LAGUNE ADJIN;13;1415
3.6334545454545455;5.4461545454545455;LAGUNE ADJIN;13;1416
3.6347727272727273;5.446809090909091;LAGUNE ADJIN;13;1417
3.635536363636364;5.4461545454545455;LAGUNE ADJIN;13;1418
3.637409090909091;5.4461545454545455;LAGUNE ADJIN;13;1419
3.6387272727272726;5.445490909090909;LAGUNE ADJIN;13;1420
3.638390909090909;5.4433;LAGUNE ADJIN;13;1421
3.640481818181818;5.440445454545454;LAGUNE ADJIN;13;1422
3.6416909090909093;5.441436363636364;LAGUNE ADJIN;13;1423
3.6431181818181817;5.442754545454545;LAGUNE ADJIN;13;1424
3.643772727272727;5.443409090909091;LAGUNE ADJIN;13;1425
3.6446545454545456;5.443627272727273;LAGUNE ADJIN;13;1426
3.6455272727272727;5.443409090909091;LAGUNE ADJIN;13;1427
3.646627272727273;5.4429727272727275;LAGUNE ADJIN;13;1428
3.6469545454545456;5.4399;LAGUNE ADJIN;13;1429
3.6482727272727273;5.441763636363636;LAGUNE ADJIN;13;1430
3.6493727272727274;5.441545454545454;LAGUNE ADJIN;13;1431
3.6512363636363636;5.441436363636364;LAGUNE ADJIN;13;1432
3.6524454545454543;5.440772727272727;LAGUNE ADJIN;13;1433
3.6542;5.441545454545454;LAGUNE ADJIN;13;1434
3.6550818181818183;5.442527272727273;LAGUNE ADJIN;13;1435
3.6573818181818183;5.441327272727273;LAGUNE ADJIN;13;1436
3.6587;5.440881818181818;LAGUNE ADJIN;13;1437
3.6612272727272726;5.443409090909091;LAGUNE ADJIN;13;1438
3.662981818181818;5.442754545454545;LAGUNE ADJIN;13;1439
3.664963636363636;5.441763636363636;LAGUNE ADJIN;13;1440
3.6669363636363634;5.442754545454545;LAGUNE ADJIN;13;1441
3.667709090909091;5.443409090909091;LAGUNE ADJIN;13;1442
3.668690909090909;5.443081818181819;LAGUNE ADJIN;13;1443
3.667709090909091;5.441872727272727;LAGUNE ADJIN;13;1444
3.6694636363636364;5.438909090909091;LAGUNE ADJIN;13;1445
3.670781818181818;5.440118181818182;LAGUNE ADJIN;13;1446
3.671109090909091;5.440881818181818;LAGUNE ADJIN;13;1447
3.6727545454545454;5.440009090909091;LAGUNE ADJIN;13;1448
3.6728636363636364;5.437918181818182;LAGUNE ADJIN;13;1449
3.6737454545454544;5.434736363636364;LAGUNE ADJIN;13;1450
3.674072727272727;5.433854545454546;LAGUNE ADJIN;13;1451
3.6757181818181817;5.432427272727272;LAGUNE ADJIN;13;1452
3.6791181818181817;5.432427272727272;LAGUNE ADJIN;13;1453
3.682309090909091;5.428036363636363;LAGUNE ADJIN;13;1454
3.6838454545454544;5.4253;LAGUNE ADJIN;13;1455
3.6822;5.423536363636364;LAGUNE ADJIN;13;1456
3.6818636363636363;5.4227727272727275;LAGUNE ADJIN;13;1457
3.682081818181818;5.421563636363636;LAGUNE ADJIN;13;1458
3.6827454545454548;5.421018181818182;LAGUNE ADJIN;13;1459
3.6836272727272728;5.420909090909091;LAGUNE ADJIN;13;1460
3.684281818181818;5.421672727272727;LAGUNE ADJIN;13;1461
3.6853818181818183;5.422109090909091;LAGUNE ADJIN;13;1462
3.685709090909091;5.422445454545454;LAGUNE ADJIN;13;1463
3.6860363636363638;5.423645454545454;LAGUNE ADJIN;13;1464
3.6861454545454544;5.424854545454545;LAGUNE ADJIN;13;1465
3.6861454545454544;5.425627272727272;LAGUNE ADJIN;13;1466
3.6863636363636365;5.4259545454545455;LAGUNE ADJIN;13;1467
3.687027272727273;5.4259545454545455;LAGUNE ADJIN;13;1468
3.6875727272727272;5.4259545454545455;LAGUNE ADJIN;13;1469
3.6883454545454546;5.425190909090909;LAGUNE ADJIN;13;1470
3.6886727272727273;5.424745454545454;LAGUNE ADJIN;13;1471
3.6895545454545453;5.424527272727273;LAGUNE ADJIN;13;1472
3.6916545454545453;5.424636363636363;LAGUNE ADJIN;13;1473
3.691709090909091;5.441436363636364;LAGUNE ADJIN;13;1474
3.689327272727273;5.441872727272727;LAGUNE ADJIN;13;1475
3.689109090909091;5.443409090909091;LAGUNE ADJIN;13;1476
3.6892181818181817;5.444727272727273;LAGUNE ADJIN;13;1477
3.689;5.446918181818182;LAGUNE ADJIN;13;1478
3.6884545454545457;5.448018181818182;LAGUNE ADJIN;13;1479
3.6875727272727272;5.448345454545454;LAGUNE ADJIN;13;1480
3.686590909090909;5.448572727272727;LAGUNE ADJIN;13;1481
3.685163636363636;5.448790909090909;LAGUNE ADJIN;13;1482
3.6836272727272728;5.448790909090909;LAGUNE ADJIN;13;1483
3.6826363636363637;5.448790909090909;LAGUNE ADJIN;13;1484
3.679781818181818;5.451309090909091;LAGUNE ADJIN;13;1485
3.6794545454545453;5.453181818181818;LAGUNE ADJIN;13;1486
3.6785727272727273;5.4534;LAGUNE ADJIN;13;1487
3.677363636363636;5.4527363636363635;LAGUNE ADJIN;13;1488
3.6749545454545456;5.453290909090909;LAGUNE ADJIN;13;1489
3.6735272727272728;5.4546090909090905;LAGUNE ADJIN;13;1490
3.6738545454545455;5.457354545454545;LAGUNE ADJIN;13;1491
3.673636363636364;5.458554545454546;LAGUNE ADJIN;13;1492
3.6727545454545454;5.459763636363636;LAGUNE ADJIN;13;1493
3.672209090909091;5.459763636363636;LAGUNE ADJIN;13;1494
3.670890909090909;5.459763636363636;LAGUNE ADJIN;13;1495
3.669790909090909;5.459327272727273;LAGUNE ADJIN;13;1496
3.6684727272727273;5.4588909090909095;LAGUNE ADJIN;13;1497
3.6676;5.458554545454546;LAGUNE ADJIN;13;1498
3.666281818181818;5.458445454545455;LAGUNE ADJIN;13;1499
3.665509090909091;5.458227272727273;LAGUNE ADJIN;13;1500
3.664409090909091;5.458009090909091;LAGUNE ADJIN;13;1501
3.6624363636363637;5.458009090909091;LAGUNE ADJIN;13;1502
3.662;5.458009090909091;LAGUNE ADJIN;13;1503
3.660018181818182;5.458336363636364;LAGUNE ADJIN;13;1504
3.659690909090909;5.458336363636364;LAGUNE ADJIN;13;1505
3.658590909090909;5.458336363636364;LAGUNE ADJIN;13;1506
3.6582636363636363;5.458009090909091;LAGUNE ADJIN;13;1507
3.657827272727273;5.457790909090909;LAGUNE ADJIN;13;1508
3.6570545454545456;5.457463636363636;LAGUNE ADJIN;13;1509
3.6564;5.457127272727273;LAGUNE ADJIN;13;1510
3.6558454545454544;5.4570181818181815;LAGUNE ADJIN;13;1511
3.655409090909091;5.4569090909090905;LAGUNE ADJIN;13;1512
3.6540909090909093;5.456581818181818;LAGUNE ADJIN;13;1513
3.6537636363636365;5.456472727272727;LAGUNE ADJIN;13;1514
3.652990909090909;5.456145454545455;LAGUNE ADJIN;13;1515
3.6523363636363637;5.455927272727273;LAGUNE ADJIN;13;1516
3.652009090909091;5.455818181818182;LAGUNE ADJIN;13;1517
3.6514545454545453;5.455590909090909;LAGUNE ADJIN;13;1518
3.6513454545454547;5.455481818181818;LAGUNE ADJIN;13;1519
3.650690909090909;5.4557;LAGUNE ADJIN;13;1520
3.650472727272727;5.455818181818182;LAGUNE ADJIN;13;1521
3.650027272727273;5.455927272727273;LAGUNE ADJIN;13;1522
3.648490909090909;5.456036363636364;LAGUNE ADJIN;13;1523
3.6482727272727273;5.4557;LAGUNE ADJIN;13;1524
3.6480545454545457;5.455590909090909;LAGUNE ADJIN;13;1525
3.6474;5.455590909090909;LAGUNE ADJIN;13;1526
3.6468454545454545;5.455927272727273;LAGUNE ADJIN;13;1527
3.6467363636363634;5.456036363636364;LAGUNE ADJIN;13;1528
3.6457454545454544;5.4568;LAGUNE ADJIN;13;1529
3.6449818181818183;5.4568;LAGUNE ADJIN;13;1530
3.6446545454545456;5.4570181818181815;LAGUNE ADJIN;13;1531
3.644209090909091;5.457354545454545;LAGUNE ADJIN;13;1532
3.643772727272727;5.457790909090909;LAGUNE ADJIN;13;1533
3.6432272727272728;5.458009090909091;LAGUNE ADJIN;13;1534
3.6422363636363637;5.458781818181818;LAGUNE ADJIN;13;1535
3.6418;5.459327272727273;LAGUNE ADJIN;13;1536
3.6411363636363636;5.459872727272727;LAGUNE ADJIN;13;1537
3.6366363636363634;5.461581818181818;LAGUNE ADJIN;13;1538
3.6343363636363635;5.462781818181818;LAGUNE ADJIN;13;1539
3.633672727272727;5.463772727272727;LAGUNE ADJIN;13;1540
3.634;5.464318181818181;LAGUNE ADJIN;13;1541
3.6331272727272728;5.465636363636364;LAGUNE ADJIN;13;1542
3.6323545454545454;5.466081818181818;LAGUNE ADJIN;13;1543
3.6314818181818183;5.4664090909090906;LAGUNE ADJIN;13;1544
3.6310363636363636;5.466518181818182;LAGUNE ADJIN;13;1545
3.6306;5.466954545454546;LAGUNE ADJIN;13;1546
3.6298363636363637;5.467618181818182;LAGUNE ADJIN;13;1547
3.6276363636363635;5.4686;LAGUNE ADJIN;13;1548
3.6268727272727275;5.469918181818182;LAGUNE ADJIN;13;1549
3.626427272727273;5.470363636363636;LAGUNE ADJIN;13;1550
3.6262090909090907;5.4706909090909095;LAGUNE ADJIN;13;1551
3.625990909090909;5.471454545454545;LAGUNE ADJIN;13;1552
3.625881818181818;5.472336363636364;LAGUNE ADJIN;13;1553
3.6256636363636363;5.472881818181818;LAGUNE ADJIN;13;1554
3.6253272727272727;5.473654545454545;LAGUNE ADJIN;13;1555
3.6252181818181817;5.474090909090909;LAGUNE ADJIN;13;1556
3.6233545454545455;5.475136363636364;LAGUNE ADJIN;13;1557
3.4720272727272725;5.454136363636364;BANCO;14;1558
3.473936363636364;5.453036363636364;BANCO;14;1559
3.4766363636363637;5.451936363636364;BANCO;14;1560
3.4777454545454547;5.451072727272727;BANCO;14;1561
3.4806363636363638;5.4497;BANCO;14;1562
3.4825636363636363;5.4507;BANCO;14;1563
3.484790909090909;5.4507;BANCO;14;1564
3.4877545454545453;5.448109090909091;BANCO;14;1565
3.4901181818181817;5.447436363636363;BANCO;14;1566
3.4912363636363635;5.444990909090909;BANCO;14;1567
3.492090909090909;5.442718181818182;BANCO;14;1568
3.4937636363636364;5.4409636363636364;BANCO;14;1569
3.4969454545454544;5.439690909090909;BANCO;14;1570
3.5048;5.439590909090909;BANCO;14;1571
3.505909090909091;5.441809090909091;BANCO;14;1572
3.5084545454545455;5.441745454545455;BANCO;14;1573
3.5091727272727273;5.4419545454545455;BANCO;14;1574
3.5125727272727274;5.442181818181818;BANCO;14;1575
3.512881818181818;5.439709090909091;BANCO;14;1576
3.5155363636363637;5.439590909090909;BANCO;14;1577
3.5155363636363637;5.426990909090909;BANCO;14;1578
3.5128181818181816;5.424490909090909;BANCO;14;1579
3.5097454545454547;5.415990909090909;BANCO;14;1580
3.5094545454545454;5.412572727272727;BANCO;14;1581
3.5073545454545454;5.4081363636363635;BANCO;14;1582
3.5051727272727273;5.4072;BANCO;14;1583
3.503527272727273;5.403418181818182;BANCO;14;1584
3.503527272727273;5.397481818181818;BANCO;14;1585
3.5048454545454546;5.395181818181818;BANCO;14;1586
3.504518181818182;5.3902363636363635;BANCO;14;1587
3.501627272727273;5.389472727272727;BANCO;14;1588
3.4969545454545456;5.388236363636364;BANCO;14;1589
3.493781818181818;5.387136363636364;BANCO;14;1590
3.490190909090909;5.385463636363636;BANCO;14;1591
3.4893727272727273;5.383981818181818;BANCO;14;1592
3.4831545454545454;5.384072727272727;BANCO;14;1593
3.477018181818182;5.3853;BANCO;14;1594
3.474881818181818;5.386290909090909;BANCO;14;1595
3.4743545454545455;5.387527272727273;BANCO;14;1596
3.4732818181818184;5.390054545454546;BANCO;14;1597
3.4707636363636363;5.396;BANCO;14;1598
3.4683454545454544;5.396927272727273;BANCO;14;1599
3.4638545454545455;5.398654545454545;BANCO;14;1600
3.4608818181818184;5.3997909090909095;BANCO;14;1601
3.4577545454545455;5.4049;BANCO;14;1602
3.4590727272727273;5.4072;BANCO;14;1603
3.4581181818181816;5.419181818181818;BANCO;14;1604
3.4489181818181818;5.425436363636364;BANCO;14;1605
3.4505636363636363;5.430536363636364;BANCO;14;1606
3.4532;5.433336363636363;BANCO;14;1607
3.4551818181818184;5.434163636363636;BANCO;14;1608
3.4589636363636362;5.4376181818181815;BANCO;14;1609
3.4619272727272725;5.444036363636363;BANCO;14;1610
3.4658818181818183;5.4494727272727275;BANCO;14;1611
3.4718272727272725;5.454245454545455;BANCO;14;1612
3.4720272727272725;5.454136363636364;BANCO;14;1613
3.3812454545454544;5.509063636363637;CONTOUR ABIDJAN;15;1614
3.6919;5.5096181818181815;CONTOUR ABIDJAN;15;1615
3.6911;5.235081818181818;CONTOUR ABIDJAN;15;1616
3.3821090909090907;5.236809090909091;CONTOUR ABIDJAN;15;1617
3.3812454545454544;5.509063636363637;CONTOUR ABIDJAN;15;1618
3.3812454545454544;5.509063636363637;CONTOUR ABIDJAN;15;1619
